Ano;Distrito;Inscritos;Votantes;Brancos;Nulos;Partido;Votos;Mandatos;Previsão (%);Abstenção;Inscritos_totais;abstenção_totais;Cor1;Visão
2025;Lisboa;1913096;1270409;31230;16867;PS;334621;14;0,2634;0,3108;10850615;0,44;#FFC0CB;Histórico
2025;Lisboa;1913096;1270409;31230;16867;AD;303401;12;0,2388;0,3108;10850615;0,44;#FFA500;Histórico
2025;Lisboa;1913096;1270409;31230;16867;CDU;134682;5;0,106;0,3108;10850615;0,44;#006699;Histórico
2025;Lisboa;1913096;1270409;31230;16867;CH;122397;5;0,0963;0,3108;10850615;0,44;#201f58;Histórico
2025;Lisboa;1913096;1270409;31230;16867;BE;117100;5;0,0922;0,3108;10850615;0,44;#db0812;Histórico
2025;Lisboa;1913096;1270409;31230;16867;IL;87008;3;0,0685;0,3108;10850615;0,44;#00aeee;Histórico
2025;Lisboa;1913096;1270409;31230;16867;PAN;63791;2;0,0502;0,3108;10850615;0,44;#518196;Histórico
2025;Lisboa;1913096;1270409;31230;16867;L;57818;2;0,0455;0,3108;10850615;0,44;#000000;Histórico
2025;Porto;1591445;1009421;24736;15083;AD;321217;14;0,3182;0,3407;10850615;0,44;#FFA500;Histórico
2025;Porto;1591445;1009421;24736;15083;PS;318330;13;0,3154;0,3407;10850615;0,44;#FFC0CB;Histórico
2025;Porto;1591445;1009421;24736;15083;CH;90716;3;0,0899;0,3407;10850615;0,44;#201f58;Histórico
2025;Porto;1591445;1009421;24736;15083;BE;81644;3;0,0809;0,3407;10850615;0,44;#db0812;Histórico
2025;Porto;1591445;1009421;24736;15083;CDU;70408;3;0,0698;0,3407;10850615;0,44;#006699;Histórico
2025;Porto;1591445;1009421;24736;15083;IL;48863;2;0,0484;0,3407;10850615;0,44;#00aeee;Histórico
2025;Porto;1591445;1009421;24736;15083;L;27009;1;0,0268;0,3407;10850615;0,44;#000000;Histórico
2025;Porto;1591445;1009421;24736;15083;PAN;24019;1;0,0238;0,3407;10850615;0,44;#518196;Histórico
2025;Açores;230305;100322;3926;1554;AD;35660;3;0,3555;0,5406;10850615;0,44;#FFA500;Histórico
2025;Açores;230305;100322;3926;1554;PS;35506;2;0,3539;0,5406;10850615;0,44;#FFC0CB;Histórico
2025;Açores;230305;100322;3926;1554;CH;8927;0;0,089;0,5406;10850615;0,44;#201f58;Histórico
2025;Açores;230305;100322;3926;1554;BE;4839;0;0,0482;0,5406;10850615;0,44;#db0812;Histórico
2025;Açores;230305;100322;3926;1554;IL;3280;0;0,0327;0,5406;10850615;0,44;#00aeee;Histórico
2025;Açores;230305;100322;3926;1554;CDU;3040;0;0,0303;0,5406;10850615;0,44;#006699;Histórico
2025;Açores;230305;100322;3926;1554;L;3030;0;0,0302;0,5406;10850615;0,44;#000000;Histórico
2025;Açores;230305;100322;3926;1554;PAN;3001;0;0,0299;0,5406;10850615;0,44;#518196;Histórico
2025;Aveiro;642080;387983;11055;6243;AD;129924;7;0,3349;0,3688;10850615;0,44;#FFA500;Histórico
2025;Aveiro;642080;387983;11055;6243;PS;105555;5;0,2721;0,3688;10850615;0,44;#FFC0CB;Histórico
2025;Aveiro;642080;387983;11055;6243;CH;43275;2;0,1115;0,3688;10850615;0,44;#201f58;Histórico
2025;Aveiro;642080;387983;11055;6243;BE;42017;2;0,1083;0,3688;10850615;0,44;#db0812;Histórico
2025;Aveiro;642080;387983;11055;6243;IL;15628;0;0,0403;0,3688;10850615;0,44;#00aeee;Histórico
2025;Aveiro;642080;387983;11055;6243;CDU;15595;0;0,0402;0,3688;10850615;0,44;#006699;Histórico
2025;Aveiro;642080;387983;11055;6243;L;11191;0;0,0288;0,3688;10850615;0,44;#000000;Histórico
2025;Aveiro;642080;387983;11055;6243;PAN;11191;0;0,0288;0,3688;10850615;0,44;#518196;Histórico
2025;Beja;118328;73550;1695;1124;PS;23386;1;0,318;0,3546;10850615;0,44;#FFC0CB;Histórico
2025;Beja;118328;73550;1695;1124;CDU;13023;1;0,1771;0,3546;10850615;0,44;#006699;Histórico
2025;Beja;118328;73550;1695;1124;CH;11924;1;0,1621;0,3546;10850615;0,44;#201f58;Histórico
2025;Beja;118328;73550;1695;1124;AD;10777;0;0,1465;0,3546;10850615;0,44;#FFA500;Histórico
2025;Beja;118328;73550;1695;1124;BE;5599;0;0,0761;0,3546;10850615;0,44;#db0812;Histórico
2025;Beja;118328;73550;1695;1124;L;1948;0;0,0265;0,3546;10850615;0,44;#000000;Histórico
2025;Beja;118328;73550;1695;1124;IL;1819;0;0,0247;0,3546;10850615;0,44;#00aeee;Histórico
2025;Beja;118328;73550;1695;1124;PAN;1819;0;0,0247;0,3546;10850615;0,44;#518196;Histórico
2025;Braga;782401;531909;14540;7960;AD;154915;7;0,2912;0,2914;10850615;0,44;#FFA500;Histórico
2025;Braga;782401;531909;14540;7960;PS;142391;6;0,2677;0,2914;10850615;0,44;#FFC0CB;Histórico
2025;Braga;782401;531909;14540;7960;CH;59573;2;0,112;0,2914;10850615;0,44;#201f58;Histórico
2025;Braga;782401;531909;14540;7960;BE;58415;2;0,1098;0,2914;10850615;0,44;#db0812;Histórico
2025;Braga;782401;531909;14540;7960;CDU;40702;1;0,0765;0,2914;10850615;0,44;#006699;Histórico
2025;Braga;782401;531909;14540;7960;IL;26291;1;0,0494;0,2914;10850615;0,44;#00aeee;Histórico
2025;Braga;782401;531909;14540;7960;L;14582;0;0,0274;0,2914;10850615;0,44;#000000;Histórico
2025;Braga;782401;531909;14540;7960;PAN;14582;0;0,0274;0,2914;10850615;0,44;#518196;Histórico
2025;Bragança;132779;60631;1436;1415;AD;24784;2;0,4088;0,5219;10850615;0,44;#FFA500;Histórico
2025;Bragança;132779;60631;1436;1415;PS;18324;1;0,3022;0,5219;10850615;0,44;#FFC0CB;Histórico
2025;Bragança;132779;60631;1436;1415;CH;7684;0;0,1267;0,5219;10850615;0,44;#201f58;Histórico
2025;Bragança;132779;60631;1436;1415;CDU;3467;0;0,0572;0,5219;10850615;0,44;#006699;Histórico
2025;Bragança;132779;60631;1436;1415;BE;2489;0;0,0411;0,5219;10850615;0,44;#db0812;Histórico
2025;Bragança;132779;60631;1436;1415;IL;832;0;0,0137;0,5219;10850615;0,44;#00aeee;Histórico
2025;Bragança;132779;60631;1436;1415;PAN;504;0;0,0083;0,5219;10850615;0,44;#518196;Histórico
2025;Bragança;132779;60631;1436;1415;L;392;0;0,0065;0,5219;10850615;0,44;#000000;Histórico
2025;Castelo Branco;162590;98297;2943;2297;PS;33762;2;0,3435;0,3632;10850615;0,44;#FFC0CB;Histórico
2025;Castelo Branco;162590;98297;2943;2297;AD;27188;2;0,2766;0,3632;10850615;0,44;#FFA500;Histórico
2025;Castelo Branco;162590;98297;2943;2297;CH;11491;0;0,1169;0,3632;10850615;0,44;#201f58;Histórico
2025;Castelo Branco;162590;98297;2943;2297;BE;9741;0;0,0991;0,3632;10850615;0,44;#db0812;Histórico
2025;Castelo Branco;162590;98297;2943;2297;CDU;7496;0;0,0763;0,3632;10850615;0,44;#006699;Histórico
2025;Castelo Branco;162590;98297;2943;2297;IL;2806;0;0,0285;0,3632;10850615;0,44;#00aeee;Histórico
2025;Castelo Branco;162590;98297;2943;2297;PAN;1742;0;0,0177;0,3632;10850615;0,44;#518196;Histórico
2025;Castelo Branco;162590;98297;2943;2297;L;1633;0;0,0166;0,3632;10850615;0,44;#000000;Histórico
2025;Coimbra;370800;226959;8155;3755;PS;82007;4;0,3613;0,3558;10850615;0,44;#FFC0CB;Histórico
2025;Coimbra;370800;226959;8155;3755;AD;75683;4;0,3335;0,3558;10850615;0,44;#FFA500;Histórico
2025;Coimbra;370800;226959;8155;3755;CH;20869;1;0,0919;0,3558;10850615;0,44;#201f58;Histórico
2025;Coimbra;370800;226959;8155;3755;CDU;16216;0;0,0714;0,3558;10850615;0,44;#006699;Histórico
2025;Coimbra;370800;226959;8155;3755;BE;15810;0;0,0697;0,3558;10850615;0,44;#db0812;Histórico
2025;Coimbra;370800;226959;8155;3755;IL;4562;0;0,0201;0,3558;10850615;0,44;#00aeee;Histórico
2025;Coimbra;370800;226959;8155;3755;L;3772;0;0,0166;0,3558;10850615;0,44;#000000;Histórico
2025;Coimbra;370800;226959;8155;3755;PAN;3343;0;0,0147;0,3558;10850615;0,44;#518196;Histórico
2025;Europa;947984;18496;1665;94261;PS;4107;1;0,2221;0,8793;10850615;0,44;#FFC0CB;Histórico
2025;Europa;947984;18496;1665;94261;AD;3797;1;0,2053;0,8793;10850615;0,44;#FFA500;Histórico
2025;Europa;947984;18496;1665;94261;CH;3439;0;0,1859;0,8793;10850615;0,44;#201f58;Histórico
2025;Europa;947984;18496;1665;94261;CDU;1910;0;0,1033;0,8793;10850615;0,44;#006699;Histórico
2025;Europa;947984;18496;1665;94261;BE;1468;0;0,0794;0,8793;10850615;0,44;#db0812;Histórico
2025;Europa;947984;18496;1665;94261;PAN;901;0;0,0487;0,8793;10850615;0,44;#518196;Histórico
2025;Europa;947984;18496;1665;94261;L;888;0;0,048;0,8793;10850615;0,44;#000000;Histórico
2025;Europa;947984;18496;1665;94261;IL;850;0;0,046;0,8793;10850615;0,44;#00aeee;Histórico
2025;Évora;132631;85887;1866;1070;PS;26827;1;0,3124;0,3303;10850615;0,44;#FFC0CB;Histórico
2025;Évora;132631;85887;1866;1070;AD;16581;1;0,1931;0,3303;10850615;0,44;#FFA500;Histórico
2025;Évora;132631;85887;1866;1070;CDU;15995;1;0,1862;0,3303;10850615;0,44;#006699;Histórico
2025;Évora;132631;85887;1866;1070;CH;10700;0;0,1246;0,3303;10850615;0,44;#201f58;Histórico
2025;Évora;132631;85887;1866;1070;BE;6421;0;0,0748;0,3303;10850615;0,44;#db0812;Histórico
2025;Évora;132631;85887;1866;1070;IL;2127;0;0,0248;0,3303;10850615;0,44;#00aeee;Histórico
2025;Évora;132631;85887;1866;1070;L;2127;0;0,0248;0,3303;10850615;0,44;#000000;Histórico
2025;Évora;132631;85887;1866;1070;PAN;2127;0;0,0248;0,3303;10850615;0,44;#518196;Histórico
2025;Faro;383980;177781;6026;3038;PS;42860;3;0,2411;0,5134;10850615;0,44;#FFC0CB;Histórico
2025;Faro;383980;177781;6026;3038;AD;35971;2;0,2023;0,5134;10850615;0,44;#FFA500;Histórico
2025;Faro;383980;177781;6026;3038;CH;25429;2;0,143;0,5134;10850615;0,44;#201f58;Histórico
2025;Faro;383980;177781;6026;3038;BE;21341;1;0,12;0,5134;10850615;0,44;#db0812;Histórico
2025;Faro;383980;177781;6026;3038;CDU;18541;1;0,1043;0,5134;10850615;0,44;#006699;Histórico
2025;Faro;383980;177781;6026;3038;IL;10317;0;0,058;0,5134;10850615;0,44;#00aeee;Histórico
2025;Faro;383980;177781;6026;3038;L;7709;0;0,0434;0,5134;10850615;0,44;#000000;Histórico
2025;Faro;383980;177781;6026;3038;PAN;7709;0;0,0434;0,5134;10850615;0,44;#518196;Histórico
2025;Fora da Europa;636515;68212;568;31980;AD;24469;1;0,3587;0,8417;10850615;0,44;#FFA500;Histórico
2025;Fora da Europa;636515;68212;568;31980;PS;18709;1;0,2743;0,8417;10850615;0,44;#FFC0CB;Histórico
2025;Fora da Europa;636515;68212;568;31980;CH;9141;0;0,134;0,8417;10850615;0,44;#201f58;Histórico
2025;Fora da Europa;636515;68212;568;31980;IL;1995;0;0,0293;0,8417;10850615;0,44;#00aeee;Histórico
2025;Fora da Europa;636515;68212;568;31980;PAN;1987;0;0,0291;0,8417;10850615;0,44;#518196;Histórico
2025;Fora da Europa;636515;68212;568;31980;BE;1873;0;0,0275;0,8417;10850615;0,44;#db0812;Histórico
2025;Fora da Europa;636515;68212;568;31980;CDU;1751;0;0,0257;0,8417;10850615;0,44;#006699;Histórico
2025;Fora da Europa;636515;68212;568;31980;L;1438;0;0,0211;0,8417;10850615;0,44;#000000;Histórico
2025;Guarda;139520;70975;2241;2041;AD;24454;2;0,3446;0,4606;10850615;0,44;#FFA500;Histórico
2025;Guarda;139520;70975;2241;2041;PS;22670;1;0,3194;0,4606;10850615;0,44;#FFC0CB;Histórico
2025;Guarda;139520;70975;2241;2041;CH;8164;0;0,115;0,4606;10850615;0,44;#201f58;Histórico
2025;Guarda;139520;70975;2241;2041;BE;5361;0;0,0755;0,4606;10850615;0,44;#db0812;Histórico
2025;Guarda;139520;70975;2241;2041;CDU;3141;0;0,0443;0,4606;10850615;0,44;#006699;Histórico
2025;Guarda;139520;70975;2241;2041;IL;1752;0;0,0247;0,4606;10850615;0,44;#00aeee;Histórico
2025;Guarda;139520;70975;2241;2041;L;1700;0;0,024;0,4606;10850615;0,44;#000000;Histórico
2025;Guarda;139520;70975;2241;2041;PAN;1532;0;0,0216;0,4606;10850615;0,44;#518196;Histórico
2025;Leiria;412030;247099;8597;4995;AD;86472;5;0,3499;0,3673;10850615;0,44;#FFA500;Histórico
2025;Leiria;412030;247099;8597;4995;PS;70909;4;0,287;0,3673;10850615;0,44;#FFC0CB;Histórico
2025;Leiria;412030;247099;8597;4995;CH;32577;1;0,1318;0,3673;10850615;0,44;#201f58;Histórico
2025;Leiria;412030;247099;8597;4995;BE;14895;0;0,0603;0,3673;10850615;0,44;#db0812;Histórico
2025;Leiria;412030;247099;8597;4995;CDU;13422;0;0,0543;0,3673;10850615;0,44;#006699;Histórico
2025;Leiria;412030;247099;8597;4995;IL;10291;0;0,0416;0,3673;10850615;0,44;#00aeee;Histórico
2025;Leiria;412030;247099;8597;4995;L;5617;0;0,0227;0,3673;10850615;0,44;#000000;Histórico
2025;Leiria;412030;247099;8597;4995;PAN;5525;0;0,0224;0,3673;10850615;0,44;#518196;Histórico
2025;Madeira;255796;124179;1642;3586;AD;40669;3;0,3275;0,4941;10850615;0,44;#FFA500;Histórico
2025;Madeira;255796;124179;1642;3586;PS;33314;2;0,2683;0,4941;10850615;0,44;#FFC0CB;Histórico
2025;Madeira;255796;124179;1642;3586;CH;17420;1;0,1403;0,4941;10850615;0,44;#201f58;Histórico
2025;Madeira;255796;124179;1642;3586;BE;5521;0;0,0445;0,4941;10850615;0,44;#db0812;Histórico
2025;Madeira;255796;124179;1642;3586;IL;5016;0;0,0404;0,4941;10850615;0,44;#00aeee;Histórico
2025;Madeira;255796;124179;1642;3586;CDU;3633;0;0,0293;0,4941;10850615;0,44;#006699;Histórico
2025;Madeira;255796;124179;1642;3586;PAN;2404;0;0,0194;0,4941;10850615;0,44;#518196;Histórico
2025;Madeira;255796;124179;1642;3586;L;2250;0;0,0181;0,4941;10850615;0,44;#000000;Histórico
2025;Portalegre;92543;57269;1536;996;PS;20117;1;0,3513;0,3538;10850615;0,44;#FFC0CB;Histórico
2025;Portalegre;92543;57269;1536;996;AD;11892;1;0,2077;0,3538;10850615;0,44;#FFA500;Histórico
2025;Portalegre;92543;57269;1536;996;CH;9545;0;0,1667;0,3538;10850615;0,44;#201f58;Histórico
2025;Portalegre;92543;57269;1536;996;CDU;8643;0;0,1509;0,3538;10850615;0,44;#006699;Histórico
2025;Portalegre;92543;57269;1536;996;BE;3594;0;0,0628;0,3538;10850615;0,44;#db0812;Histórico
2025;Portalegre;92543;57269;1536;996;IL;882;0;0,0154;0,3538;10850615;0,44;#00aeee;Histórico
2025;Portalegre;92543;57269;1536;996;PAN;723;0;0,0126;0,3538;10850615;0,44;#518196;Histórico
2025;Portalegre;92543;57269;1536;996;L;623;0;0,0109;0,3538;10850615;0,44;#000000;Histórico
2025;Santarém;377452;241670;6999;3997;PS;67579;3;0,2796;0,3306;10850615;0,44;#FFC0CB;Histórico
2025;Santarém;377452;241670;6999;3997;AD;59262;3;0,2452;0,3306;10850615;0,44;#FFA500;Histórico
2025;Santarém;377452;241670;6999;3997;CH;31372;1;0,1298;0,3306;10850615;0,44;#201f58;Histórico
2025;Santarém;377452;241670;6999;3997;CDU;26749;1;0,1107;0,3306;10850615;0,44;#006699;Histórico
2025;Santarém;377452;241670;6999;3997;BE;22726;1;0,094;0,3306;10850615;0,44;#db0812;Histórico
2025;Santarém;377452;241670;6999;3997;IL;10618;0;0,0439;0,3306;10850615;0,44;#00aeee;Histórico
2025;Santarém;377452;241670;6999;3997;L;7466;0;0,0309;0,3306;10850615;0,44;#000000;Histórico
2025;Santarém;377452;241670;6999;3997;PAN;7098;0;0,0294;0,3306;10850615;0,44;#518196;Histórico
2025;Setúbal;754775;487405;10866;6145;PS;143963;6;0,2954;0,3317;10850615;0,44;#FFC0CB;Histórico
2025;Setúbal;754775;487405;10866;6145;AD;82674;4;0,1696;0,3317;10850615;0,44;#FFA500;Histórico
2025;Setúbal;754775;487405;10866;6145;CDU;77270;3;0,1585;0,3317;10850615;0,44;#006699;Histórico
2025;Setúbal;754775;487405;10866;6145;CH;49558;2;0,1017;0,3317;10850615;0,44;#201f58;Histórico
2025;Setúbal;754775;487405;10866;6145;BE;44801;2;0,0919;0,3317;10850615;0,44;#db0812;Histórico
2025;Setúbal;754775;487405;10866;6145;IL;26142;1;0,0536;0,3317;10850615;0,44;#00aeee;Histórico
2025;Setúbal;754775;487405;10866;6145;PAN;21708;1;0,0445;0,3317;10850615;0,44;#518196;Histórico
2025;Setúbal;754775;487405;10866;6145;L;20230;0;0,0415;0,3317;10850615;0,44;#000000;Histórico
2025;Viana do Castelo;232603;135589;4009;2174;AD;47936;2;0,3535;0,3905;10850615;0,44;#FFA500;Histórico
2025;Viana do Castelo;232603;135589;4009;2174;PS;44312;2;0,3268;0,3905;10850615;0,44;#FFC0CB;Histórico
2025;Viana do Castelo;232603;135589;4009;2174;CH;17523;1;0,1292;0,3905;10850615;0,44;#201f58;Histórico
2025;Viana do Castelo;232603;135589;4009;2174;BE;6350;0;0,0468;0,3905;10850615;0,44;#db0812;Histórico
2025;Viana do Castelo;232603;135589;4009;2174;CDU;5416;0;0,0399;0,3905;10850615;0,44;#006699;Histórico
2025;Viana do Castelo;232603;135589;4009;2174;IL;4520;0;0,0333;0,3905;10850615;0,44;#00aeee;Histórico
2025;Viana do Castelo;232603;135589;4009;2174;L;2878;0;0,0212;0,3905;10850615;0,44;#000000;Histórico
2025;Viana do Castelo;232603;135589;4009;2174;PAN;2411;0;0,0178;0,3905;10850615;0,44;#518196;Histórico
2025;Vila Real;206902;99058;2246;2416;AD;41190;3;0,4158;0,4987;10850615;0,44;#FFA500;Histórico
2025;Vila Real;206902;99058;2246;2416;PS;31939;2;0,3224;0,4987;10850615;0,44;#FFC0CB;Histórico
2025;Vila Real;206902;99058;2246;2416;CH;9463;0;0,0955;0,4987;10850615;0,44;#201f58;Histórico
2025;Vila Real;206902;99058;2246;2416;BE;6267;0;0,0633;0,4987;10850615;0,44;#db0812;Histórico
2025;Vila Real;206902;99058;2246;2416;CDU;2850;0;0,0288;0,4987;10850615;0,44;#006699;Histórico
2025;Vila Real;206902;99058;2246;2416;PAN;2018;0;0,0204;0,4987;10850615;0,44;#518196;Histórico
2025;Vila Real;206902;99058;2246;2416;L;1735;0;0,0175;0,4987;10850615;0,44;#000000;Histórico
2025;Vila Real;206902;99058;2246;2416;IL;1292;0;0,013;0,4987;10850615;0,44;#00aeee;Histórico
2025;Viseu;334060;199629;5187;3704;AD;87179;4;0,4367;0,3758;10850615;0,44;#FFA500;Histórico
2025;Viseu;334060;199629;5187;3704;PS;59859;3;0,2999;0,3758;10850615;0,44;#FFC0CB;Histórico
2025;Viseu;334060;199629;5187;3704;CH;19629;1;0,0983;0,3758;10850615;0,44;#201f58;Histórico
2025;Viseu;334060;199629;5187;3704;BE;8557;0;0,0429;0,3758;10850615;0,44;#db0812;Histórico
2025;Viseu;334060;199629;5187;3704;CDU;7459;0;0,0374;0,3758;10850615;0,44;#006699;Histórico
2025;Viseu;334060;199629;5187;3704;IL;4289;0;0,0215;0,3758;10850615;0,44;#00aeee;Histórico
2025;Viseu;334060;199629;5187;3704;PAN;4162;0;0,0209;0,3758;10850615;0,44;#518196;Histórico
2025;Viseu;334060;199629;5187;3704;L;2937;0;0,0147;0,3758;10850615;0,44;#000000;Histórico
2025; Totais;10850615;5610548;148618;192396;PS;1672809;78;0,2982;0,4515;10850615;0,44;#FFC0CB;Histórico
2025; Totais;10850615;5610548;148618;192396;AD;1665098;83;0,2968;0,4515;10850615;0,44;#FFA500;Histórico
2025; Totais;10850615;5610548;148618;192396;IL;481408;7;0,0858;0,4515;10850615;0,44;#00aeee;Histórico
2025; Totais;10850615;5610548;148618;192396;BE;451113;16;0,0804;0,4515;10850615;0,44;#db0812;Histórico
2025; Totais;10850615;5610548;148618;192396;CDU;439546;16;0,0783;0,4515;10850615;0,44;#006699;Histórico
2025; Totais;10850615;5610548;148618;192396;CH;391626;23;0,0698;0,4515;10850615;0,44;#201f58;Histórico
2025; Totais;10850615;5610548;148618;192396;L;295785;3;0,0527;0,4515;10850615;0,44;#000000;Histórico
2025; Totais;10850615;5610548;148618;192396;PAN;213163;4;0,038;0,4515;10850615;0,44;#518196;Histórico
2024;Aveiro;642086;423734;7030;4528;AD;148861;7;0,35;0,340066595;10813643;0,4016;#FFA500;Histórico
2024;Aveiro;642086;423734;7030;4528;BE;17383;0;0,04;0,340066595;10813643;0,4016;#db0812;Histórico
2024;Aveiro;642086;423734;7030;4528;CDU;5829;0;0,01;0,340066595;10813643;0,4016;#006699;Histórico
2024;Aveiro;642086;423734;7030;4528;CH;73122;3;0,17;0,340066595;10813643;0,4016;#201f58;Histórico
2024;Aveiro;642086;423734;7030;4528;IL;21671;1;0,05;0,340066595;10813643;0,4016;#00aeee;Histórico
2024;Aveiro;642086;423734;7030;4528;L;9519;0;0,02;0,340066595;10813643;0,4016;#000000;Histórico
2024;Aveiro;642086;423734;7030;4528;PAN;7302;0;0,02;0,340066595;10813643;0,4016;#518196;Histórico
2024;Aveiro;642086;423734;7030;4528;PS;117369;5;0,28;0,340066595;10813643;0,4016;#FFC0CB;Histórico
2024;Beja;119102;76994;1172;935;AD;12890;1;0,17;0,3535457;10813643;0,4016;#FFA500;Histórico
2024;Beja;119102;76994;1172;935;BE;3393;0;0,04;0,3535457;10813643;0,4016;#db0812;Histórico
2024;Beja;119102;76994;1172;935;CDU;11570;0;0,15;0,3535457;10813643;0,4016;#006699;Histórico
2024;Beja;119102;76994;1172;935;CH;16595;1;0,22;0,3535457;10813643;0,4016;#201f58;Histórico
2024;Beja;119102;76994;1172;935;IL;1708;0;0,02;0,3535457;10813643;0,4016;#00aeee;Histórico
2024;Beja;119102;76994;1172;935;L;1369;0;0,02;0,3535457;10813643;0,4016;#000000;Histórico
2024;Beja;119102;76994;1172;935;PAN;943;0;0,01;0,3535457;10813643;0,4016;#518196;Histórico
2024;Beja;119102;76994;1172;935;PS;24408;1;0,32;0,3535457;10813643;0,4016;#FFC0CB;Histórico
2024;Braga;780164;556358;9590;5162;AD;184493;8;0,33;0,286870453;10813643;0,4016;#FFA500;Histórico
2024;Braga;780164;556358;9590;5162;BE;21403;0;0,04;0,286870453;10813643;0,4016;#db0812;Histórico
2024;Braga;780164;556358;9590;5162;CDU;10130;0;0,02;0,286870453;10813643;0,4016;#006699;Histórico
2024;Braga;780164;556358;9590;5162;CH;93859;4;0,17;0,286870453;10813643;0,4016;#201f58;Histórico
2024;Braga;780164;556358;9590;5162;IL;33935;1;0,06;0,286870453;10813643;0,4016;#00aeee;Histórico
2024;Braga;780164;556358;9590;5162;L;12928;0;0,02;0,286870453;10813643;0,4016;#000000;Histórico
2024;Braga;780164;556358;9590;5162;PAN;7936;0;0,01;0,286870453;10813643;0,4016;#518196;Histórico
2024;Braga;780164;556358;9590;5162;PS;157123;6;0,28;0,286870453;10813643;0,4016;#FFC0CB;Histórico
2024;Bragança;134213;72664;892;966;AD;29069;2;0,4;0,45859194;10813643;0,4016;#FFA500;Histórico
2024;Bragança;134213;72664;892;966;BE;1403;0;0,02;0,45859194;10813643;0,4016;#db0812;Histórico
2024;Bragança;134213;72664;892;966;CDU;774;0;0,01;0,45859194;10813643;0,4016;#006699;Histórico
2024;Bragança;134213;72664;892;966;CH;13220;0;0,18;0,45859194;10813643;0,4016;#201f58;Histórico
2024;Bragança;134213;72664;892;966;IL;1241;0;0,02;0,45859194;10813643;0,4016;#00aeee;Histórico
2024;Bragança;134213;72664;892;966;L;727;0;0,01;0,45859194;10813643;0,4016;#000000;Histórico
2024;Bragança;134213;72664;892;966;PAN;598;0;0,01;0,45859194;10813643;0,4016;#518196;Histórico
2024;Bragança;134213;72664;892;966;PS;21539;1;0,3;0,45859194;10813643;0,4016;#FFC0CB;Histórico
2024;Castelo Branco;163578;108260;1530;1447;AD;30812;1;0,28;0,33817506;10813643;0,4016;#FFA500;Histórico
2024;Castelo Branco;163578;108260;1530;1447;BE;4450;0;0,04;0,33817506;10813643;0,4016;#db0812;Histórico
2024;Castelo Branco;163578;108260;1530;1447;CDU;2373;0;0,02;0,33817506;10813643;0,4016;#006699;Histórico
2024;Castelo Branco;163578;108260;1530;1447;CH;21141;1;0,2;0,33817506;10813643;0,4016;#201f58;Histórico
2024;Castelo Branco;163578;108260;1530;1447;IL;2961;0;0,03;0,33817506;10813643;0,4016;#00aeee;Histórico
2024;Castelo Branco;163578;108260;1530;1447;L;2172;0;0,02;0,33817506;10813643;0,4016;#000000;Histórico
2024;Castelo Branco;163578;108260;1530;1447;PAN;1427;0;0,01;0,33817506;10813643;0,4016;#518196;Histórico
2024;Castelo Branco;163578;108260;1530;1447;PS;37067;2;0,34;0,33817506;10813643;0,4016;#FFC0CB;Histórico
2024;Coimbra;371769;242140;4797;2558;AD;74040;3;0,31;0,348681574;10813643;0,4016;#FFA500;Histórico
2024;Coimbra;371769;242140;4797;2558;BE;12371;0;0,05;0,348681574;10813643;0,4016;#db0812;Histórico
2024;Coimbra;371769;242140;4797;2558;CDU;6819;0;0,03;0,348681574;10813643;0,4016;#006699;Histórico
2024;Coimbra;371769;242140;4797;2558;CH;37428;2;0,15;0,348681574;10813643;0,4016;#201f58;Histórico
2024;Coimbra;371769;242140;4797;2558;IL;9592;0;0,04;0,348681574;10813643;0,4016;#00aeee;Histórico
2024;Coimbra;371769;242140;4797;2558;L;6890;0;0,03;0,348681574;10813643;0,4016;#000000;Histórico
2024;Coimbra;371769;242140;4797;2558;PAN;3839;0;0,02;0,348681574;10813643;0,4016;#518196;Histórico
2024;Coimbra;371769;242140;4797;2558;PS;79120;4;0,33;0,348681574;10813643;0,4016;#FFC0CB;Histórico
2024;Évora;133400;89387;1252;791;AD;20051;1;0,22;0,329932534;10813643;0,4016;#FFA500;Histórico
2024;Évora;133400;89387;1252;791;BE;3816;0;0,04;0,329932534;10813643;0,4016;#db0812;Histórico
2024;Évora;133400;89387;1252;791;CDU;9771;0;0,11;0,329932534;10813643;0,4016;#006699;Histórico
2024;Évora;133400;89387;1252;791;CH;17850;1;0,2;0,329932534;10813643;0,4016;#201f58;Histórico
2024;Évora;133400;89387;1252;791;IL;2228;0;0,02;0,329932534;10813643;0,4016;#00aeee;Histórico
2024;Évora;133400;89387;1252;791;L;1774;0;0,02;0,329932534;10813643;0,4016;#000000;Histórico
2024;Évora;133400;89387;1252;791;PAN;1001;0;0,01;0,329932534;10813643;0,4016;#518196;Histórico
2024;Évora;133400;89387;1252;791;PS;29310;1;0,33;0,329932534;10813643;0,4016;#FFC0CB;Histórico
2024;Faro;381108;235351;3401;2650;AD;52681;3;0,22;0,382455892;10813643;0,4016;#FFA500;Histórico
2024;Faro;381108;235351;3401;2650;BE;13555;0;0,06;0,382455892;10813643;0,4016;#db0812;Histórico
2024;Faro;381108;235351;3401;2650;CDU;7488;0;0,03;0,382455892;10813643;0,4016;#006699;Histórico
2024;Faro;381108;235351;3401;2650;CH;64081;3;0,27;0,382455892;10813643;0,4016;#201f58;Histórico
2024;Faro;381108;235351;3401;2650;IL;10736;0;0,05;0,382455892;10813643;0,4016;#00aeee;Histórico
2024;Faro;381108;235351;3401;2650;L;6492;0;0,03;0,382455892;10813643;0,4016;#000000;Histórico
2024;Faro;381108;235351;3401;2650;PAN;6092;0;0,03;0,382455892;10813643;0,4016;#518196;Histórico
2024;Faro;381108;235351;3401;2650;PS;59856;3;0,25;0,382455892;10813643;0,4016;#FFC0CB;Histórico
2024;Guarda;141065;85034;1163;1290;AD;29013;1;0,34;0,397199872;10813643;0,4016;#FFA500;Histórico
2024;Guarda;141065;85034;1163;1290;BE;2299;0;0,03;0,397199872;10813643;0,4016;#db0812;Histórico
2024;Guarda;141065;85034;1163;1290;CDU;1331;0;0,02;0,397199872;10813643;0,4016;#006699;Histórico
2024;Guarda;141065;85034;1163;1290;CH;15837;1;0,19;0,397199872;10813643;0,4016;#201f58;Histórico
2024;Guarda;141065;85034;1163;1290;IL;1910;0;0,02;0,397199872;10813643;0,4016;#00aeee;Histórico
2024;Guarda;141065;85034;1163;1290;L;1153;0;0,01;0,397199872;10813643;0,4016;#000000;Histórico
2024;Guarda;141065;85034;1163;1290;PAN;822;0;0,01;0,397199872;10813643;0,4016;#518196;Histórico
2024;Guarda;141065;85034;1163;1290;PS;27094;1;0,32;0,397199872;10813643;0,4016;#FFC0CB;Histórico
2024;Leiria;412184;273579;5094;3507;AD;96231;5;0,35;0,336269724;10813643;0,4016;#FFA500;Histórico
2024;Leiria;412184;273579;5094;3507;BE;11748;0;0,04;0,336269724;10813643;0,4016;#db0812;Histórico
2024;Leiria;412184;273579;5094;3507;CDU;6625;0;0,02;0,336269724;10813643;0,4016;#006699;Histórico
2024;Leiria;412184;273579;5094;3507;CH;53820;2;0,2;0,336269724;10813643;0,4016;#201f58;Histórico
2024;Leiria;412184;273579;5094;3507;IL;15498;0;0,06;0,336269724;10813643;0,4016;#00aeee;Histórico
2024;Leiria;412184;273579;5094;3507;L;7212;0;0,03;0,336269724;10813643;0,4016;#000000;Histórico
2024;Leiria;412184;273579;5094;3507;PAN;4655;0;0,02;0,336269724;10813643;0,4016;#518196;Histórico
2024;Leiria;412184;273579;5094;3507;PS;61561;3;0,23;0,336269724;10813643;0,4016;#FFC0CB;Histórico
2024;Lisboa;1915287;1319561;15712;13568;AD;356973;14;0,27;0,311037458;10813643;0,4016;#FFA500;Histórico
2024;Lisboa;1915287;1319561;15712;13568;BE;65365;2;0,05;0,311037458;10813643;0,4016;#db0812;Histórico
2024;Lisboa;1915287;1319561;15712;13568;CDU;49267;2;0,04;0,311037458;10813643;0,4016;#006699;Histórico
2024;Lisboa;1915287;1319561;15712;13568;CH;224642;9;0,17;0,311037458;10813643;0,4016;#201f58;Histórico
2024;Lisboa;1915287;1319561;15712;13568;IL;86963;3;0,07;0,311037458;10813643;0,4016;#00aeee;Histórico
2024;Lisboa;1915287;1319561;15712;13568;L;72259;2;0,05;0,311037458;10813643;0,4016;#000000;Histórico
2024;Lisboa;1915287;1319561;15712;13568;PAN;32825;1;0,02;0,311037458;10813643;0,4016;#518196;Histórico
2024;Lisboa;1915287;1319561;15712;13568;PS;365937;15;0,28;0,311037458;10813643;0,4016;#FFC0CB;Histórico
2024;Portalegre;93106;60668;925;614;AD;14134;0;0,23;0,348398599;10813643;0,4016;#FFA500;Histórico
2024;Portalegre;93106;60668;925;614;BE;1894;0;0,03;0,348398599;10813643;0,4016;#db0812;Histórico
2024;Portalegre;93106;60668;925;614;CDU;3718;0;0,06;0,348398599;10813643;0,4016;#006699;Histórico
2024;Portalegre;93106;60668;925;614;CH;14810;1;0,24;0,348398599;10813643;0,4016;#201f58;Histórico
2024;Portalegre;93106;60668;925;614;IL;1155;0;0,02;0,348398599;10813643;0,4016;#00aeee;Histórico
2024;Portalegre;93106;60668;925;614;L;873;0;0,01;0,348398599;10813643;0,4016;#000000;Histórico
2024;Portalegre;93106;60668;925;614;PAN;506;0;0,01;0,348398599;10813643;0,4016;#518196;Histórico
2024;Portalegre;93106;60668;925;614;PS;20669;1;0,34;0,348398599;10813643;0,4016;#FFC0CB;Histórico
2024;Porto;1591760;1114945;14407;10964;AD;339142;14;0,3;0,299552068;10813643;0,4016;#FFA500;Histórico
2024;Porto;1591760;1114945;14407;10964;BE;51917;2;0,05;0,299552068;10813643;0,4016;#db0812;Histórico
2024;Porto;1591760;1114945;14407;10964;CDU;26356;1;0,02;0,299552068;10813643;0,4016;#006699;Histórico
2024;Porto;1591760;1114945;14407;10964;CH;170936;7;0,15;0,299552068;10813643;0,4016;#201f58;Histórico
2024;Porto;1591760;1114945;14407;10964;IL;64065;2;0,06;0,299552068;10813643;0,4016;#00aeee;Histórico
2024;Porto;1591760;1114945;14407;10964;L;37321;1;0,03;0,299552068;10813643;0,4016;#000000;Histórico
2024;Porto;1591760;1114945;14407;10964;PAN;23421;0;0,02;0,299552068;10813643;0,4016;#518196;Histórico
2024;Porto;1591760;1114945;14407;10964;PS;338110;13;0,3;0,299552068;10813643;0,4016;#FFC0CB;Histórico
2024;Santarém;377261;251061;3868;2815;AD;68519;3;0,27;0,334516422;10813643;0,4016;#FFA500;Histórico
2024;Santarém;377261;251061;3868;2815;BE;11207;0;0,04;0,334516422;10813643;0,4016;#db0812;Histórico
2024;Santarém;377261;251061;3868;2815;CDU;10346;0;0,04;0,334516422;10813643;0,4016;#006699;Histórico
2024;Santarém;377261;251061;3868;2815;PAN;3930;0;0,02;0,334516422;10813643;0,4016;#518196;Histórico
2024;Santarém;377261;251061;3868;2815;PS;69948;3;0,28;0,334516422;10813643;0,4016;#FFC0CB;Histórico
2024;Santarém;377261;251061;3868;2815;CH;58588;3;0,23;0,334516422;10813643;0,4016;#201f58;Histórico
2024;Santarém;377261;251061;3868;2815;IL;9497;0;0,04;0,334516422;10813643;0,4016;#00aeee;Histórico
2024;Santarém;377261;251061;3868;2815;L;6190;0;0,02;0,334516422;10813643;0,4016;#000000;Histórico
2024;Setúbal;749090;502601;6253;4945;AD;86320;4;0,17;0,329051249;10813643;0,4016;#FFA500;Histórico
2024;Setúbal;749090;502601;6253;4945;BE;30165;1;0,06;0,329051249;10813643;0,4016;#db0812;Histórico
2024;Setúbal;749090;502601;6253;4945;CDU;38848;1;0,08;0,329051249;10813643;0,4016;#006699;Histórico
2024;Setúbal;749090;502601;6253;4945;CH;102120;4;0,2;0,329051249;10813643;0,4016;#201f58;Histórico
2024;Setúbal;749090;502601;6253;4945;IL;26952;1;0,05;0,329051249;10813643;0,4016;#00aeee;Histórico
2024;Setúbal;749090;502601;6253;4945;L;21553;1;0,04;0,329051249;10813643;0,4016;#000000;Histórico
2024;Setúbal;749090;502601;6253;4945;PAN;12865;0;0,03;0,329051249;10813643;0,4016;#518196;Histórico
2024;Setúbal;749090;502601;6253;4945;PS;157200;7;0,31;0,329051249;10813643;0,4016;#FFC0CB;Histórico
2024;Viana do Castelo;233491;142917;2682;1534;AD;49616;2;0,35;0,387912168;10813643;0,4016;#FFA500;Histórico
2024;Viana do Castelo;233491;142917;2682;1534;BE;4926;0;0,03;0,387912168;10813643;0,4016;#db0812;Histórico
2024;Viana do Castelo;233491;142917;2682;1534;CDU;3106;0;0,02;0,387912168;10813643;0,4016;#006699;Histórico
2024;Viana do Castelo;233491;142917;2682;1534;CH;26639;1;0,19;0,387912168;10813643;0,4016;#201f58;Histórico
2024;Viana do Castelo;233491;142917;2682;1534;IL;5106;0;0,04;0,387912168;10813643;0,4016;#00aeee;Histórico
2024;Viana do Castelo;233491;142917;2682;1534;L;2815;0;0,02;0,387912168;10813643;0,4016;#000000;Histórico
2024;Viana do Castelo;233491;142917;2682;1534;PAN;2057;0;0,01;0,387912168;10813643;0,4016;#518196;Histórico
2024;Viana do Castelo;233491;142917;2682;1534;PS;40237;2;0,28;0,387912168;10813643;0,4016;#FFC0CB;Histórico
2024;Vila Real;207989;117058;1494;1527;AD;46046;2;0,39;0,43719139;10813643;0,4016;#FFA500;Histórico
2024;Vila Real;207989;117058;1494;1527;BE;2865;0;0,02;0,43719139;10813643;0,4016;#db0812;Histórico
2024;Vila Real;207989;117058;1494;1527;CDU;1600;0;0,01;0,43719139;10813643;0,4016;#006699;Histórico
2024;Vila Real;207989;117058;1494;1527;CH;20038;1;0,17;0,43719139;10813643;0,4016;#201f58;Histórico
2024;Vila Real;207989;117058;1494;1527;IL;2380;0;0,02;0,43719139;10813643;0,4016;#00aeee;Histórico
2024;Vila Real;207989;117058;1494;1527;L;1592;0;0,01;0,43719139;10813643;0,4016;#000000;Histórico
2024;Vila Real;207989;117058;1494;1527;PAN;1062;0;0,01;0,43719139;10813643;0,4016;#518196;Histórico
2024;Vila Real;207989;117058;1494;1527;PS;34660;2;0,3;0,43719139;10813643;0,4016;#FFC0CB;Histórico
2024;Viseu;335659;211590;3302;2595;AD;76938;3;0,36;0,369628105;10813643;0,4016;#FFA500;Histórico
2024;Viseu;335659;211590;3302;2595;BE;5846;0;0,03;0,369628105;10813643;0,4016;#db0812;Histórico
2024;Viseu;335659;211590;3302;2595;CDU;2905;0;0,01;0,369628105;10813643;0,4016;#006699;Histórico
2024;Viseu;335659;211590;3302;2595;CH;41165;2;0,19;0,369628105;10813643;0,4016;#201f58;Histórico
2024;Viseu;335659;211590;3302;2595;IL;5950;0;0,03;0,369628105;10813643;0,4016;#00aeee;Histórico
2024;Viseu;335659;211590;3302;2595;L;3567;0;0,02;0,369628105;10813643;0,4016;#000000;Histórico
2024;Viseu;335659;211590;3302;2595;PAN;2555;0;0,01;0,369628105;10813643;0,4016;#518196;Histórico
2024;Viseu;335659;211590;3302;2595;PS;58088;3;0,27;0,369628105;10813643;0,4016;#FFC0CB;Histórico
2024;Açores;230082;106277;2621;1056;AD;42352;2;0,4;0,538090768;10813643;0,4016;#FFA500;Histórico
2024;Açores;230082;106277;2621;1056;BE;3622;0;0,03;0,538090768;10813643;0,4016;#db0812;Histórico
2024;Açores;230082;106277;2621;1056;CDU;1161;0;0,01;0,538090768;10813643;0,4016;#006699;Histórico
2024;Açores;230082;106277;2621;1056;CH;16749;1;0,16;0,538090768;10813643;0,4016;#201f58;Histórico
2024;Açores;230082;106277;2621;1056;IL;2882;0;0,03;0,538090768;10813643;0,4016;#00aeee;Histórico
2024;Açores;230082;106277;2621;1056;L;1817;0;0,02;0,538090768;10813643;0,4016;#000000;Histórico
2024;Açores;230082;106277;2621;1056;PAN;1659;0;0,02;0,538090768;10813643;0,4016;#518196;Histórico
2024;Açores;230082;106277;2621;1056;PS;31016;2;0,29;0,538090768;10813643;0,4016;#FFC0CB;Histórico
2024;Madeira;254502;149808;794;2703;AD;53440;3;0,36;0,411368084;10813643;0,4016;#FFA500;Histórico
2024;Madeira;254502;149808;794;2703;BE;4404;0;0,03;0,411368084;10813643;0,4016;#db0812;Histórico
2024;Madeira;254502;149808;794;2703;CDU;2429;0;0,02;0,411368084;10813643;0,4016;#006699;Histórico
2024;Madeira;254502;149808;794;2703;CH;26304;1;0,18;0,411368084;10813643;0,4016;#201f58;Histórico
2024;Madeira;254502;149808;794;2703;IL;5827;0;0,04;0,411368084;10813643;0,4016;#00aeee;Histórico
2024;Madeira;254502;149808;794;2703;L;1864;0;0,01;0,411368084;10813643;0,4016;#000000;Histórico
2024;Madeira;254502;149808;794;2703;PAN;3127;0;0,02;0,411368084;10813643;0,4016;#518196;Histórico
2024;Madeira;254502;149808;794;2703;PS;29725;2;0,2;0,411368084;10813643;0,4016;#FFC0CB;Histórico
2024;Europa;937311;238605;1381;94261;AD;33351;0;0,14;0,74543668;10813643;0,4016;#FFA500;Histórico
2024;Europa;937311;238605;1381;94261;BE;6438;0;0,03;0,74543668;10813643;0,4016;#db0812;Histórico
2024;Europa;937311;238605;1381;94261;CDU;2363;0;0,01;0,74543668;10813643;0,4016;#006699;Histórico
2024;Europa;937311;238605;1381;94261;CH;42975;1;0,18;0,74543668;10813643;0,4016;#201f58;Histórico
2024;Europa;937311;238605;1381;94261;IL;5719;0;0,02;0,74543668;10813643;0,4016;#00aeee;Histórico
2024;Europa;937311;238605;1381;94261;L;4091;0;0,02;0,74543668;10813643;0,4016;#000000;Histórico
2024;Europa;937311;238605;1381;94261;PAN;5175;0;0,02;0,74543668;10813643;0,4016;#518196;Histórico
2024;Europa;937311;238605;1381;94261;PS;38063;1;0,16;0,74543668;10813643;0,4016;#FFC0CB;Histórico
2024;Fora da Europa;609436;98360;487;31980;AD;22470;1;0,23;0,838604874;10813643;0,4016;#FFA500;Histórico
2024;Fora da Europa;609436;98360;487;31980;BE;1844;0;0,02;0,838604874;10813643;0,4016;#db0812;Histórico
2024;Fora da Europa;609436;98360;487;31980;CDU;742;0;0,01;0,838604874;10813643;0,4016;#006699;Histórico
2024;Fora da Europa;609436;98360;487;31980;PAN;2328;0;0,02;0,838604874;10813643;0,4016;#518196;Histórico
2024;Fora da Europa;609436;98360;487;31980;PS;14343;0;0,15;0,838604874;10813643;0,4016;#FFC0CB;Histórico
2024;Fora da Europa;609436;98360;487;31980;CH;17862;1;0,18;0,838604874;10813643;0,4016;#201f58;Histórico
2024;Fora da Europa;609436;98360;487;31980;IL;1901;0;0,02;0,838604874;10813643;0,4016;#00aeee;Histórico
2024;Fora da Europa;609436;98360;487;31980;L;697;0;0,01;0,838604874;10813643;0,4016;#000000;Histórico
2024; Totais;10813643;6476952;89847;192396;AD;1867442;80;0,29;0,401038854;10813643;0,4016;#FFA500;Histórico
2024; Totais;10813643;6476952;89847;192396;BE;282314;5;0,04;0,401038854;10813643;0,4016;#db0812;Histórico
2024; Totais;10813643;6476952;89847;192396;CDU;205551;4;0,03;0,401038854;10813643;0,4016;#006699;Histórico
2024; Totais;10813643;6476952;89847;192396;CH;1169781;50;0,18;0,401038854;10813643;0,4016;#201f58;Histórico
2024; Totais;10813643;6476952;89847;192396;IL;319877;8;0,05;0,401038854;10813643;0,4016;#00aeee;Histórico
2024; Totais;10813643;6476952;89847;192396;L;204875;4;0,03;0,401038854;10813643;0,4016;#000000;Histórico
2024; Totais;10813643;6476952;89847;192396;PAN;126125;1;0,02;0,401038854;10813643;0,4016;#518196;Histórico
2024; Totais;10813643;6476952;89847;192396;PS;1812443;78;0,28;0,401038854;10813643;0,4016;#FFC0CB;Histórico
2025;Lisboa;1913096;1270409;31230;16867;PS;326071;13;0,2567;0,3108;10850615;0,44;#FFC0CB;Sondagens
2025;Lisboa;1913096;1270409;31230;16867;AD;354183;15;0,2788;0,3108;10850615;0,44;#FFA500;Sondagens
2025;Lisboa;1913096;1270409;31230;16867;CDU;61886;2;0,0487;0,3108;10850615;0,44;#006699;Sondagens
2025;Lisboa;1913096;1270409;31230;16867;CH;232851;9;0,1833;0,3108;10850615;0,44;#201f58;Sondagens
2025;Lisboa;1913096;1270409;31230;16867;BE;51524;2;0,0406;0,3108;10850615;0,44;#db0812;Sondagens
2025;Lisboa;1913096;1270409;31230;16867;IL;113569;4;0,0894;0,3108;10850615;0,44;#00aeee;Sondagens
2025;Lisboa;1913096;1270409;31230;16867;PAN;15731;0;0,0124;0,3108;10850615;0,44;#518196;Sondagens
2025;Lisboa;1913096;1270409;31230;16867;L;73777;3;0,0581;0,3108;10850615;0,44;#000000;Sondagens
2025;Porto;1591445;1009421;24736;15083;AD;324524;14;0,3215;0,3407;10850615;0,44;#FFA500;Sondagens
2025;Porto;1591445;1009421;24736;15083;PS;285424;13;0,2828;0,3407;10850615;0,44;#FFC0CB;Sondagens
2025;Porto;1591445;1009421;24736;15083;CH;155631;7;0,1542;0,3407;10850615;0,44;#201f58;Sondagens
2025;Porto;1591445;1009421;24736;15083;BE;36587;1;0,0362;0,3407;10850615;0,44;#db0812;Sondagens
2025;Porto;1591445;1009421;24736;15083;CDU;27770;1;0,0275;0,3407;10850615;0,44;#006699;Sondagens
2025;Porto;1591445;1009421;24736;15083;IL;70987;3;0,0703;0,3407;10850615;0,44;#00aeee;Sondagens
2025;Porto;1591445;1009421;24736;15083;L;35104;1;0,0348;0,3407;10850615;0,44;#000000;Sondagens
2025;Porto;1591445;1009421;24736;15083;PAN;14314;0;0,0142;0,3407;10850615;0,44;#518196;Sondagens
2025;Açores;230305;100322;3926;1554;AD;41629;3;0,415;0,5406;10850615;0,44;#FFA500;Sondagens
2025;Açores;230305;100322;3926;1554;PS;27116;1;0,2703;0,5406;10850615;0,44;#FFC0CB;Sondagens
2025;Açores;230305;100322;3926;1554;CH;17066;1;0,1701;0,5406;10850615;0,44;#201f58;Sondagens
2025;Açores;230305;100322;3926;1554;BE;2310;0;0,023;0,5406;10850615;0,44;#db0812;Sondagens
2025;Açores;230305;100322;3926;1554;IL;3863;0;0,0385;0,5406;10850615;0,44;#00aeee;Sondagens
2025;Açores;230305;100322;3926;1554;CDU;1200;0;0,012;0,5406;10850615;0,44;#006699;Sondagens
2025;Açores;230305;100322;3926;1554;L;2337;0;0,0233;0,5406;10850615;0,44;#000000;Sondagens
2025;Açores;230305;100322;3926;1554;PAN;1152;0;0,0115;0,5406;10850615;0,44;#518196;Sondagens
2025;Aveiro;642080;387983;11055;6243;AD;143108;7;0,3689;0,3688;10850615;0,44;#FFA500;Sondagens
2025;Aveiro;642080;387983;11055;6243;PS;99037;5;0,2553;0,3688;10850615;0,44;#FFC0CB;Sondagens
2025;Aveiro;642080;387983;11055;6243;CH;69734;3;0,1797;0,3688;10850615;0,44;#201f58;Sondagens
2025;Aveiro;642080;387983;11055;6243;BE;11686;0;0,0301;0,3688;10850615;0,44;#db0812;Sondagens
2025;Aveiro;642080;387983;11055;6243;IL;23248;1;0,0599;0,3688;10850615;0,44;#00aeee;Sondagens
2025;Aveiro;642080;387983;11055;6243;CDU;5920;0;0,0153;0,3688;10850615;0,44;#006699;Sondagens
2025;Aveiro;642080;387983;11055;6243;L;9039;0;0,0233;0,3688;10850615;0,44;#000000;Sondagens
2025;Aveiro;642080;387983;11055;6243;PAN;4453;0;0,0115;0,3688;10850615;0,44;#518196;Sondagens
2025;Beja;118328;73550;1695;1124;PS;21463;1;0,2918;0,3546;10850615;0,44;#FFC0CB;Sondagens
2025;Beja;118328;73550;1695;1124;CDU;12930;0;0,1758;0,3546;10850615;0,44;#006699;Sondagens
2025;Beja;118328;73550;1695;1124;CH;17483;1;0,2377;0,3546;10850615;0,44;#201f58;Sondagens
2025;Beja;118328;73550;1695;1124;AD;13227;1;0,1798;0,3546;10850615;0,44;#FFA500;Sondagens
2025;Beja;118328;73550;1695;1124;BE;2142;0;0,0291;0,3546;10850615;0,44;#db0812;Sondagens
2025;Beja;118328;73550;1695;1124;L;1714;0;0,0233;0,3546;10850615;0,44;#000000;Sondagens
2025;Beja;118328;73550;1695;1124;IL;1937;0;0,0263;0,3546;10850615;0,44;#00aeee;Sondagens
2025;Beja;118328;73550;1695;1124;PAN;417;0;0,0057;0,3546;10850615;0,44;#518196;Sondagens
2025;Braga;782401;531909;14540;7960;AD;187323;8;0,3522;0,2914;10850615;0,44;#FFA500;Sondagens
2025;Braga;782401;531909;14540;7960;PS;142822;6;0,2685;0,2914;10850615;0,44;#FFC0CB;Sondagens
2025;Braga;782401;531909;14540;7960;CH;95603;4;0,1797;0,2914;10850615;0,44;#201f58;Sondagens
2025;Braga;782401;531909;14540;7960;BE;15623;0;0,0294;0,2914;10850615;0,44;#db0812;Sondagens
2025;Braga;782401;531909;14540;7960;CDU;13709;0;0,0258;0,2914;10850615;0,44;#006699;Sondagens
2025;Braga;782401;531909;14540;7960;IL;37196;1;0,0699;0,2914;10850615;0,44;#00aeee;Sondagens
2025;Braga;782401;531909;14540;7960;L;12392;0;0,0233;0,2914;10850615;0,44;#000000;Sondagens
2025;Braga;782401;531909;14540;7960;PAN;3148;0;0,0059;0,2914;10850615;0,44;#518196;Sondagens
2025;Bragança;132779;60631;1436;1415;AD;25400;2;0,4189;0,5219;10850615;0,44;#FFA500;Sondagens
2025;Bragança;132779;60631;1436;1415;PS;16595;1;0,2737;0,5219;10850615;0,44;#FFC0CB;Sondagens
2025;Bragança;132779;60631;1436;1415;CH;12055;0;0,1988;0,5219;10850615;0,44;#201f58;Sondagens
2025;Bragança;132779;60631;1436;1415;CDU;756;0;0,0125;0,5219;10850615;0,44;#006699;Sondagens
2025;Bragança;132779;60631;1436;1415;BE;927;0;0,0153;0,5219;10850615;0,44;#db0812;Sondagens
2025;Bragança;132779;60631;1436;1415;IL;1597;0;0,0263;0,5219;10850615;0,44;#00aeee;Sondagens
2025;Bragança;132779;60631;1436;1415;PAN;564;0;0,0093;0,5219;10850615;0,44;#518196;Sondagens
2025;Bragança;132779;60631;1436;1415;L;696;0;0,0115;0,5219;10850615;0,44;#000000;Sondagens
2025;Castelo Branco;162590;98297;2943;2297;PS;30987;2;0,3152;0,3632;10850615;0,44;#FFC0CB;Sondagens
2025;Castelo Branco;162590;98297;2943;2297;AD;28964;1;0,2947;0,3632;10850615;0,44;#FFA500;Sondagens
2025;Castelo Branco;162590;98297;2943;2297;CH;21125;1;0,2149;0,3632;10850615;0,44;#201f58;Sondagens
2025;Castelo Branco;162590;98297;2943;2297;BE;2969;0;0,0302;0,3632;10850615;0,44;#db0812;Sondagens
2025;Castelo Branco;162590;98297;2943;2297;CDU;2601;0;0,0265;0,3632;10850615;0,44;#006699;Sondagens
2025;Castelo Branco;162590;98297;2943;2297;IL;3612;0;0,0367;0,3632;10850615;0,44;#00aeee;Sondagens
2025;Castelo Branco;162590;98297;2943;2297;PAN;557;0;0,0057;0,3632;10850615;0,44;#518196;Sondagens
2025;Castelo Branco;162590;98297;2943;2297;L;2290;0;0,0233;0,3632;10850615;0,44;#000000;Sondagens
2025;Coimbra;370800;226959;8155;3755;PS;68263;3;0,3008;0,3558;10850615;0,44;#FFC0CB;Sondagens
2025;Coimbra;370800;226959;8155;3755;AD;71945;4;0,317;0,3558;10850615;0,44;#FFA500;Sondagens
2025;Coimbra;370800;226959;8155;3755;CH;36426;2;0,1605;0,3558;10850615;0,44;#201f58;Sondagens
2025;Coimbra;370800;226959;8155;3755;CDU;8274;0;0,0365;0,3558;10850615;0,44;#006699;Sondagens
2025;Coimbra;370800;226959;8155;3755;BE;8276;0;0,0365;0,3558;10850615;0,44;#db0812;Sondagens
2025;Coimbra;370800;226959;8155;3755;IL;11327;0;0,0499;0,3558;10850615;0,44;#00aeee;Sondagens
2025;Coimbra;370800;226959;8155;3755;L;7893;0;0,0348;0,3558;10850615;0,44;#000000;Sondagens
2025;Coimbra;370800;226959;8155;3755;PAN;2605;0;0,0115;0,3558;10850615;0,44;#518196;Sondagens
2025;Europa;947984;18496;1665;94261;PS;3339;1;0,1805;0,8793;10850615;0,44;#FFC0CB;Sondagens
2025;Europa;947984;18496;1665;94261;AD;2923;0;0,158;0,8793;10850615;0,44;#FFA500;Sondagens
2025;Europa;947984;18496;1665;94261;CH;3561;1;0,1925;0,8793;10850615;0,44;#201f58;Sondagens
2025;Europa;947984;18496;1665;94261;CDU;252;0;0,0136;0,8793;10850615;0,44;#006699;Sondagens
2025;Europa;947984;18496;1665;94261;BE;402;0;0,0217;0,8793;10850615;0,44;#db0812;Sondagens
2025;Europa;947984;18496;1665;94261;PAN;282;0;0,0152;0,8793;10850615;0,44;#518196;Sondagens
2025;Europa;947984;18496;1665;94261;L;431;0;0,0233;0,8793;10850615;0,44;#000000;Sondagens
2025;Europa;947984;18496;1665;94261;IL;436;0;0,0236;0,8793;10850615;0,44;#00aeee;Sondagens
2025;Évora;132631;85887;1866;1070;PS;25745;1;0,2998;0,3303;10850615;0,44;#FFC0CB;Sondagens
2025;Évora;132631;85887;1866;1070;AD;19998;1;0,2328;0,3303;10850615;0,44;#FFA500;Sondagens
2025;Évora;132631;85887;1866;1070;CDU;11718;0;0,1364;0,3303;10850615;0,44;#006699;Sondagens
2025;Évora;132631;85887;1866;1070;CH;18492;1;0,2153;0,3303;10850615;0,44;#201f58;Sondagens
2025;Évora;132631;85887;1866;1070;BE;2500;0;0,0291;0,3303;10850615;0,44;#db0812;Sondagens
2025;Évora;132631;85887;1866;1070;IL;2025;0;0,0236;0,3303;10850615;0,44;#00aeee;Sondagens
2025;Évora;132631;85887;1866;1070;L;2001;0;0,0233;0,3303;10850615;0,44;#000000;Sondagens
2025;Évora;132631;85887;1866;1070;PAN;487;0;0,0057;0,3303;10850615;0,44;#518196;Sondagens
2025;Faro;383980;177781;6026;3038;PS;40937;3;0,2303;0,5134;10850615;0,44;#FFC0CB;Sondagens
2025;Faro;383980;177781;6026;3038;AD;41611;3;0,2341;0,5134;10850615;0,44;#FFA500;Sondagens
2025;Faro;383980;177781;6026;3038;CH;51934;3;0,2921;0,5134;10850615;0,44;#201f58;Sondagens
2025;Faro;383980;177781;6026;3038;BE;7959;0;0,0448;0,5134;10850615;0,44;#db0812;Sondagens
2025;Faro;383980;177781;6026;3038;CDU;7355;0;0,0414;0,5134;10850615;0,44;#006699;Sondagens
2025;Faro;383980;177781;6026;3038;IL;11214;0;0,0631;0,5134;10850615;0,44;#00aeee;Sondagens
2025;Faro;383980;177781;6026;3038;L;6183;0;0,0348;0,5134;10850615;0,44;#000000;Sondagens
2025;Faro;383980;177781;6026;3038;PAN;2945;0;0,0166;0,5134;10850615;0,44;#518196;Sondagens
2025;Fora da Europa;636515;68212;568;31980;AD;18414;1;0,27;0,8417;10850615;0,44;#FFA500;Sondagens
2025;Fora da Europa;636515;68212;568;31980;PS;9478;0;0,1389;0,8417;10850615;0,44;#FFC0CB;Sondagens
2025;Fora da Europa;636515;68212;568;31980;CH;13563;1;0,1988;0,8417;10850615;0,44;#201f58;Sondagens
2025;Fora da Europa;636515;68212;568;31980;IL;1466;0;0,0215;0,8417;10850615;0,44;#00aeee;Sondagens
2025;Fora da Europa;636515;68212;568;31980;PAN;1594;0;0,0234;0,8417;10850615;0,44;#518196;Sondagens
2025;Fora da Europa;636515;68212;568;31980;BE;1443;0;0,0211;0,8417;10850615;0,44;#db0812;Sondagens
2025;Fora da Europa;636515;68212;568;31980;CDU;717;0;0,0105;0,8417;10850615;0,44;#006699;Sondagens
2025;Fora da Europa;636515;68212;568;31980;L;769;0;0,0113;0,8417;10850615;0,44;#000000;Sondagens
2025;Guarda;139520;70975;2241;2041;AD;25520;1;0,3596;0,4606;10850615;0,44;#FFA500;Sondagens
2025;Guarda;139520;70975;2241;2041;PS;20699;1;0,2916;0,4606;10850615;0,44;#FFC0CB;Sondagens
2025;Guarda;139520;70975;2241;2041;CH;14571;1;0,2053;0,4606;10850615;0,44;#201f58;Sondagens
2025;Guarda;139520;70975;2241;2041;BE;1593;0;0,0224;0,4606;10850615;0,44;#db0812;Sondagens
2025;Guarda;139520;70975;2241;2041;CDU;1692;0;0,0238;0,4606;10850615;0,44;#006699;Sondagens
2025;Guarda;139520;70975;2241;2041;IL;1673;0;0,0236;0,4606;10850615;0,44;#00aeee;Sondagens
2025;Guarda;139520;70975;2241;2041;L;997;0;0,014;0,4606;10850615;0,44;#000000;Sondagens
2025;Guarda;139520;70975;2241;2041;PAN;402;0;0,0057;0,4606;10850615;0,44;#518196;Sondagens
2025;Leiria;412030;247099;8597;4995;AD;89541;5;0,3624;0,3673;10850615;0,44;#FFA500;Sondagens
2025;Leiria;412030;247099;8597;4995;PS;52245;2;0,2114;0,3673;10850615;0,44;#FFC0CB;Sondagens
2025;Leiria;412030;247099;8597;4995;CH;53105;2;0,2149;0,3673;10850615;0,44;#201f58;Sondagens
2025;Leiria;412030;247099;8597;4995;BE;7326;0;0,0296;0,3673;10850615;0,44;#db0812;Sondagens
2025;Leiria;412030;247099;8597;4995;CDU;6369;0;0,0258;0,3673;10850615;0,44;#006699;Sondagens
2025;Leiria;412030;247099;8597;4995;IL;18060;1;0,0731;0,3673;10850615;0,44;#00aeee;Sondagens
2025;Leiria;412030;247099;8597;4995;L;8593;0;0,0348;0,3673;10850615;0,44;#000000;Sondagens
2025;Leiria;412030;247099;8597;4995;PAN;2836;0;0,0115;0,3673;10850615;0,44;#518196;Sondagens
2025;Madeira;255796;124179;1642;3586;AD;45891;3;0,3696;0,4941;10850615;0,44;#FFA500;Sondagens
2025;Madeira;255796;124179;1642;3586;PS;22971;1;0,185;0,4941;10850615;0,44;#FFC0CB;Sondagens
2025;Madeira;255796;124179;1642;3586;CH;23514;2;0,1894;0,4941;10850615;0,44;#201f58;Sondagens
2025;Madeira;255796;124179;1642;3586;BE;2746;0;0,0221;0,4941;10850615;0,44;#db0812;Sondagens
2025;Madeira;255796;124179;1642;3586;IL;5806;0;0,0468;0,4941;10850615;0,44;#00aeee;Sondagens
2025;Madeira;255796;124179;1642;3586;CDU;2425;0;0,0195;0,4941;10850615;0,44;#006699;Sondagens
2025;Madeira;255796;124179;1642;3586;PAN;2168;0;0,0175;0,4941;10850615;0,44;#518196;Sondagens
2025;Madeira;255796;124179;1642;3586;L;1744;0;0,014;0,4941;10850615;0,44;#000000;Sondagens
2025;Portalegre;92543;57269;1536;996;PS;17795;1;0,3107;0,3538;10850615;0,44;#FFC0CB;Sondagens
2025;Portalegre;92543;57269;1536;996;AD;13918;0;0,243;0,3538;10850615;0,44;#FFA500;Sondagens
2025;Portalegre;92543;57269;1536;996;CH;14738;1;0,2573;0,3538;10850615;0,44;#201f58;Sondagens
2025;Portalegre;92543;57269;1536;996;CDU;4248;0;0,0742;0,3538;10850615;0,44;#006699;Sondagens
2025;Portalegre;92543;57269;1536;996;BE;1338;0;0,0234;0,3538;10850615;0,44;#db0812;Sondagens
2025;Portalegre;92543;57269;1536;996;IL;1508;0;0,0263;0,3538;10850615;0,44;#00aeee;Sondagens
2025;Portalegre;92543;57269;1536;996;PAN;325;0;0,0057;0,3538;10850615;0,44;#518196;Sondagens
2025;Portalegre;92543;57269;1536;996;L;646;0;0,0113;0,3538;10850615;0,44;#000000;Sondagens
2025;Santarém;377452;241670;6999;3997;PS;61921;3;0,2562;0,3306;10850615;0,44;#FFC0CB;Sondagens
2025;Santarém;377452;241670;6999;3997;AD;68944;3;0,2853;0,3306;10850615;0,44;#FFA500;Sondagens
2025;Santarém;377452;241670;6999;3997;CH;60535;3;0,2505;0,3306;10850615;0,44;#201f58;Sondagens
2025;Santarém;377452;241670;6999;3997;CDU;12125;0;0,0502;0,3306;10850615;0,44;#006699;Sondagens
2025;Santarém;377452;241670;6999;3997;BE;7772;0;0,0322;0,3306;10850615;0,44;#db0812;Sondagens
2025;Santarém;377452;241670;6999;3997;IL;12062;0;0,0499;0,3306;10850615;0,44;#00aeee;Sondagens
2025;Santarém;377452;241670;6999;3997;L;5630;0;0,0233;0,3306;10850615;0,44;#000000;Sondagens
2025;Santarém;377452;241670;6999;3997;PAN;2774;0;0,0115;0,3306;10850615;0,44;#518196;Sondagens
2025;Setúbal;754775;487405;10866;6145;PS;138681;6;0,2845;0,3317;10850615;0,44;#FFC0CB;Sondagens
2025;Setúbal;754775;487405;10866;6145;AD;86436;4;0,1773;0,3317;10850615;0,44;#FFA500;Sondagens
2025;Setúbal;754775;487405;10866;6145;CDU;46964;2;0,0964;0,3317;10850615;0,44;#006699;Sondagens
2025;Setúbal;754775;487405;10866;6145;CH;104942;4;0,2153;0,3317;10850615;0,44;#201f58;Sondagens
2025;Setúbal;754775;487405;10866;6145;BE;23045;1;0,0473;0,3317;10850615;0,44;#db0812;Sondagens
2025;Setúbal;754775;487405;10866;6145;IL;30744;1;0,0631;0,3317;10850615;0,44;#00aeee;Sondagens
2025;Setúbal;754775;487405;10866;6145;PAN;10468;0;0,0215;0,3317;10850615;0,44;#518196;Sondagens
2025;Setúbal;754775;487405;10866;6145;L;22545;1;0,0463;0,3317;10850615;0,44;#000000;Sondagens
2025;Viana do Castelo;232603;135589;4009;2174;AD;50131;2;0,3697;0,3905;10850615;0,44;#FFA500;Sondagens
2025;Viana do Castelo;232603;135589;4009;2174;PS;34747;2;0,2563;0,3905;10850615;0,44;#FFC0CB;Sondagens
2025;Viana do Castelo;232603;135589;4009;2174;CH;26979;1;0,199;0,3905;10850615;0,44;#201f58;Sondagens
2025;Viana do Castelo;232603;135589;4009;2174;BE;3120;0;0,023;0,3905;10850615;0,44;#db0812;Sondagens
2025;Viana do Castelo;232603;135589;4009;2174;CDU;3533;0;0,0261;0,3905;10850615;0,44;#006699;Sondagens
2025;Viana do Castelo;232603;135589;4009;2174;IL;6339;0;0,0468;0,3905;10850615;0,44;#00aeee;Sondagens
2025;Viana do Castelo;232603;135589;4009;2174;L;3159;0;0,0233;0,3905;10850615;0,44;#000000;Sondagens
2025;Viana do Castelo;232603;135589;4009;2174;PAN;769;0;0,0057;0,3905;10850615;0,44;#518196;Sondagens
2025;Vila Real;206902;99058;2246;2416;AD;40919;3;0,4131;0,4987;10850615;0,44;#FFA500;Sondagens
2025;Vila Real;206902;99058;2246;2416;PS;27083;1;0,2734;0,4987;10850615;0,44;#FFC0CB;Sondagens
2025;Vila Real;206902;99058;2246;2416;CH;18117;1;0,1829;0,4987;10850615;0,44;#201f58;Sondagens
2025;Vila Real;206902;99058;2246;2416;BE;1507;0;0,0152;0,4987;10850615;0,44;#db0812;Sondagens
2025;Vila Real;206902;99058;2246;2416;CDU;1489;0;0,015;0,4987;10850615;0,44;#006699;Sondagens
2025;Vila Real;206902;99058;2246;2416;PAN;562;0;0,0057;0,4987;10850615;0,44;#518196;Sondagens
2025;Vila Real;206902;99058;2246;2416;L;1117;0;0,0113;0,4987;10850615;0,44;#000000;Sondagens
2025;Vila Real;206902;99058;2246;2416;IL;2609;0;0,0263;0,4987;10850615;0,44;#00aeee;Sondagens
2025;Viseu;334060;199629;5187;3704;AD;75780;4;0,3796;0,3758;10850615;0,44;#FFA500;Sondagens
2025;Viseu;334060;199629;5187;3704;PS;49564;2;0,2483;0,3758;10850615;0,44;#FFC0CB;Sondagens
2025;Viseu;334060;199629;5187;3704;CH;40982;2;0,2053;0,3758;10850615;0,44;#201f58;Sondagens
2025;Viseu;334060;199629;5187;3704;BE;4503;0;0,0226;0,3758;10850615;0,44;#db0812;Sondagens
2025;Viseu;334060;199629;5187;3704;CDU;2719;0;0,0136;0,3758;10850615;0,44;#006699;Sondagens
2025;Viseu;334060;199629;5187;3704;IL;7335;0;0,0367;0,3758;10850615;0,44;#00aeee;Sondagens
2025;Viseu;334060;199629;5187;3704;PAN;1132;0;0,0057;0,3758;10850615;0,44;#518196;Sondagens
2025;Viseu;334060;199629;5187;3704;L;4976;0;0,0249;0,3758;10850615;0,44;#000000;Sondagens
2025; Totais;10850615;5610548;148618;192396;PS;1508293;69;0,2688;0,4515;10850615;0,44;#FFC0CB;Sondagens
2025; Totais;10850615;5610548;148618;192396;AD;1781392;85;0,3175;0,4515;10850615;0,44;#FFA500;Sondagens
2025; Totais;10850615;5610548;148618;192396;IL;358526;11;0,0639;0,4515;10850615;0,44;#00aeee;Sondagens
2025; Totais;10850615;5610548;148618;192396;BE;186332;4;0,0332;0,4515;10850615;0,44;#db0812;Sondagens
2025; Totais;10850615;5610548;148618;192396;CDU;236257;5;0,0421;0,4515;10850615;0,44;#006699;Sondagens
2025; Totais;10850615;5610548;148618;192396;CH;1128981;51;0,2012;0,4515;10850615;0,44;#201f58;Sondagens
2025; Totais;10850615;5610548;148618;192396;L;211297;5;0,0377;0,4515;10850615;0,44;#000000;Sondagens
2025; Totais;10850615;5610548;148618;192396;PAN;70826;0;0,0126;0,4515;10850615;0,44;#518196;Sondagens
2024;Aveiro;642086;423734;7030;4528;AD;148861;7;0,35;0,340066595;10813643;0,4016;#FFA500;Sondagens
2024;Aveiro;642086;423734;7030;4528;BE;17383;0;0,04;0,340066595;10813643;0,4016;#db0812;Sondagens
2024;Aveiro;642086;423734;7030;4528;CDU;5829;0;0,01;0,340066595;10813643;0,4016;#006699;Sondagens
2024;Aveiro;642086;423734;7030;4528;CH;73122;3;0,17;0,340066595;10813643;0,4016;#201f58;Sondagens
2024;Aveiro;642086;423734;7030;4528;IL;21671;1;0,05;0,340066595;10813643;0,4016;#00aeee;Sondagens
2024;Aveiro;642086;423734;7030;4528;L;9519;0;0,02;0,340066595;10813643;0,4016;#000000;Sondagens
2024;Aveiro;642086;423734;7030;4528;PAN;7302;0;0,02;0,340066595;10813643;0,4016;#518196;Sondagens
2024;Aveiro;642086;423734;7030;4528;PS;117369;5;0,28;0,340066595;10813643;0,4016;#FFC0CB;Sondagens
2024;Beja;119102;76994;1172;935;AD;12890;1;0,17;0,3535457;10813643;0,4016;#FFA500;Sondagens
2024;Beja;119102;76994;1172;935;BE;3393;0;0,04;0,3535457;10813643;0,4016;#db0812;Sondagens
2024;Beja;119102;76994;1172;935;CDU;11570;0;0,15;0,3535457;10813643;0,4016;#006699;Sondagens
2024;Beja;119102;76994;1172;935;CH;16595;1;0,22;0,3535457;10813643;0,4016;#201f58;Sondagens
2024;Beja;119102;76994;1172;935;IL;1708;0;0,02;0,3535457;10813643;0,4016;#00aeee;Sondagens
2024;Beja;119102;76994;1172;935;L;1369;0;0,02;0,3535457;10813643;0,4016;#000000;Sondagens
2024;Beja;119102;76994;1172;935;PAN;943;0;0,01;0,3535457;10813643;0,4016;#518196;Sondagens
2024;Beja;119102;76994;1172;935;PS;24408;1;0,32;0,3535457;10813643;0,4016;#FFC0CB;Sondagens
2024;Braga;780164;556358;9590;5162;AD;184493;8;0,33;0,286870453;10813643;0,4016;#FFA500;Sondagens
2024;Braga;780164;556358;9590;5162;BE;21403;0;0,04;0,286870453;10813643;0,4016;#db0812;Sondagens
2024;Braga;780164;556358;9590;5162;CDU;10130;0;0,02;0,286870453;10813643;0,4016;#006699;Sondagens
2024;Braga;780164;556358;9590;5162;CH;93859;4;0,17;0,286870453;10813643;0,4016;#201f58;Sondagens
2024;Braga;780164;556358;9590;5162;IL;33935;1;0,06;0,286870453;10813643;0,4016;#00aeee;Sondagens
2024;Braga;780164;556358;9590;5162;L;12928;0;0,02;0,286870453;10813643;0,4016;#000000;Sondagens
2024;Braga;780164;556358;9590;5162;PAN;7936;0;0,01;0,286870453;10813643;0,4016;#518196;Sondagens
2024;Braga;780164;556358;9590;5162;PS;157123;6;0,28;0,286870453;10813643;0,4016;#FFC0CB;Sondagens
2024;Bragança;134213;72664;892;966;AD;29069;2;0,4;0,45859194;10813643;0,4016;#FFA500;Sondagens
2024;Bragança;134213;72664;892;966;BE;1403;0;0,02;0,45859194;10813643;0,4016;#db0812;Sondagens
2024;Bragança;134213;72664;892;966;CDU;774;0;0,01;0,45859194;10813643;0,4016;#006699;Sondagens
2024;Bragança;134213;72664;892;966;CH;13220;0;0,18;0,45859194;10813643;0,4016;#201f58;Sondagens
2024;Bragança;134213;72664;892;966;IL;1241;0;0,02;0,45859194;10813643;0,4016;#00aeee;Sondagens
2024;Bragança;134213;72664;892;966;L;727;0;0,01;0,45859194;10813643;0,4016;#000000;Sondagens
2024;Bragança;134213;72664;892;966;PAN;598;0;0,01;0,45859194;10813643;0,4016;#518196;Sondagens
2024;Bragança;134213;72664;892;966;PS;21539;1;0,3;0,45859194;10813643;0,4016;#FFC0CB;Sondagens
2024;Castelo Branco;163578;108260;1530;1447;AD;30812;1;0,28;0,33817506;10813643;0,4016;#FFA500;Sondagens
2024;Castelo Branco;163578;108260;1530;1447;BE;4450;0;0,04;0,33817506;10813643;0,4016;#db0812;Sondagens
2024;Castelo Branco;163578;108260;1530;1447;CDU;2373;0;0,02;0,33817506;10813643;0,4016;#006699;Sondagens
2024;Castelo Branco;163578;108260;1530;1447;CH;21141;1;0,2;0,33817506;10813643;0,4016;#201f58;Sondagens
2024;Castelo Branco;163578;108260;1530;1447;IL;2961;0;0,03;0,33817506;10813643;0,4016;#00aeee;Sondagens
2024;Castelo Branco;163578;108260;1530;1447;L;2172;0;0,02;0,33817506;10813643;0,4016;#000000;Sondagens
2024;Castelo Branco;163578;108260;1530;1447;PAN;1427;0;0,01;0,33817506;10813643;0,4016;#518196;Sondagens
2024;Castelo Branco;163578;108260;1530;1447;PS;37067;2;0,34;0,33817506;10813643;0,4016;#FFC0CB;Sondagens
2024;Coimbra;371769;242140;4797;2558;AD;74040;3;0,31;0,348681574;10813643;0,4016;#FFA500;Sondagens
2024;Coimbra;371769;242140;4797;2558;BE;12371;0;0,05;0,348681574;10813643;0,4016;#db0812;Sondagens
2024;Coimbra;371769;242140;4797;2558;CDU;6819;0;0,03;0,348681574;10813643;0,4016;#006699;Sondagens
2024;Coimbra;371769;242140;4797;2558;CH;37428;2;0,15;0,348681574;10813643;0,4016;#201f58;Sondagens
2024;Coimbra;371769;242140;4797;2558;IL;9592;0;0,04;0,348681574;10813643;0,4016;#00aeee;Sondagens
2024;Coimbra;371769;242140;4797;2558;L;6890;0;0,03;0,348681574;10813643;0,4016;#000000;Sondagens
2024;Coimbra;371769;242140;4797;2558;PAN;3839;0;0,02;0,348681574;10813643;0,4016;#518196;Sondagens
2024;Coimbra;371769;242140;4797;2558;PS;79120;4;0,33;0,348681574;10813643;0,4016;#FFC0CB;Sondagens
2024;Évora;133400;89387;1252;791;AD;20051;1;0,22;0,329932534;10813643;0,4016;#FFA500;Sondagens
2024;Évora;133400;89387;1252;791;BE;3816;0;0,04;0,329932534;10813643;0,4016;#db0812;Sondagens
2024;Évora;133400;89387;1252;791;CDU;9771;0;0,11;0,329932534;10813643;0,4016;#006699;Sondagens
2024;Évora;133400;89387;1252;791;CH;17850;1;0,2;0,329932534;10813643;0,4016;#201f58;Sondagens
2024;Évora;133400;89387;1252;791;IL;2228;0;0,02;0,329932534;10813643;0,4016;#00aeee;Sondagens
2024;Évora;133400;89387;1252;791;L;1774;0;0,02;0,329932534;10813643;0,4016;#000000;Sondagens
2024;Évora;133400;89387;1252;791;PAN;1001;0;0,01;0,329932534;10813643;0,4016;#518196;Sondagens
2024;Évora;133400;89387;1252;791;PS;29310;1;0,33;0,329932534;10813643;0,4016;#FFC0CB;Sondagens
2024;Faro;381108;235351;3401;2650;AD;52681;3;0,22;0,382455892;10813643;0,4016;#FFA500;Sondagens
2024;Faro;381108;235351;3401;2650;BE;13555;0;0,06;0,382455892;10813643;0,4016;#db0812;Sondagens
2024;Faro;381108;235351;3401;2650;CDU;7488;0;0,03;0,382455892;10813643;0,4016;#006699;Sondagens
2024;Faro;381108;235351;3401;2650;CH;64081;3;0,27;0,382455892;10813643;0,4016;#201f58;Sondagens
2024;Faro;381108;235351;3401;2650;IL;10736;0;0,05;0,382455892;10813643;0,4016;#00aeee;Sondagens
2024;Faro;381108;235351;3401;2650;L;6492;0;0,03;0,382455892;10813643;0,4016;#000000;Sondagens
2024;Faro;381108;235351;3401;2650;PAN;6092;0;0,03;0,382455892;10813643;0,4016;#518196;Sondagens
2024;Faro;381108;235351;3401;2650;PS;59856;3;0,25;0,382455892;10813643;0,4016;#FFC0CB;Sondagens
2024;Guarda;141065;85034;1163;1290;AD;29013;1;0,34;0,397199872;10813643;0,4016;#FFA500;Sondagens
2024;Guarda;141065;85034;1163;1290;BE;2299;0;0,03;0,397199872;10813643;0,4016;#db0812;Sondagens
2024;Guarda;141065;85034;1163;1290;CDU;1331;0;0,02;0,397199872;10813643;0,4016;#006699;Sondagens
2024;Guarda;141065;85034;1163;1290;CH;15837;1;0,19;0,397199872;10813643;0,4016;#201f58;Sondagens
2024;Guarda;141065;85034;1163;1290;IL;1910;0;0,02;0,397199872;10813643;0,4016;#00aeee;Sondagens
2024;Guarda;141065;85034;1163;1290;L;1153;0;0,01;0,397199872;10813643;0,4016;#000000;Sondagens
2024;Guarda;141065;85034;1163;1290;PAN;822;0;0,01;0,397199872;10813643;0,4016;#518196;Sondagens
2024;Guarda;141065;85034;1163;1290;PS;27094;1;0,32;0,397199872;10813643;0,4016;#FFC0CB;Sondagens
2024;Leiria;412184;273579;5094;3507;AD;96231;5;0,35;0,336269724;10813643;0,4016;#FFA500;Sondagens
2024;Leiria;412184;273579;5094;3507;BE;11748;0;0,04;0,336269724;10813643;0,4016;#db0812;Sondagens
2024;Leiria;412184;273579;5094;3507;CDU;6625;0;0,02;0,336269724;10813643;0,4016;#006699;Sondagens
2024;Leiria;412184;273579;5094;3507;CH;53820;2;0,2;0,336269724;10813643;0,4016;#201f58;Sondagens
2024;Leiria;412184;273579;5094;3507;IL;15498;0;0,06;0,336269724;10813643;0,4016;#00aeee;Sondagens
2024;Leiria;412184;273579;5094;3507;L;7212;0;0,03;0,336269724;10813643;0,4016;#000000;Sondagens
2024;Leiria;412184;273579;5094;3507;PAN;4655;0;0,02;0,336269724;10813643;0,4016;#518196;Sondagens
2024;Leiria;412184;273579;5094;3507;PS;61561;3;0,23;0,336269724;10813643;0,4016;#FFC0CB;Sondagens
2024;Lisboa;1915287;1319561;15712;13568;AD;356973;14;0,27;0,311037458;10813643;0,4016;#FFA500;Sondagens
2024;Lisboa;1915287;1319561;15712;13568;BE;65365;2;0,05;0,311037458;10813643;0,4016;#db0812;Sondagens
2024;Lisboa;1915287;1319561;15712;13568;CDU;49267;2;0,04;0,311037458;10813643;0,4016;#006699;Sondagens
2024;Lisboa;1915287;1319561;15712;13568;CH;224642;9;0,17;0,311037458;10813643;0,4016;#201f58;Sondagens
2024;Lisboa;1915287;1319561;15712;13568;IL;86963;3;0,07;0,311037458;10813643;0,4016;#00aeee;Sondagens
2024;Lisboa;1915287;1319561;15712;13568;L;72259;2;0,05;0,311037458;10813643;0,4016;#000000;Sondagens
2024;Lisboa;1915287;1319561;15712;13568;PAN;32825;1;0,02;0,311037458;10813643;0,4016;#518196;Sondagens
2024;Lisboa;1915287;1319561;15712;13568;PS;365937;15;0,28;0,311037458;10813643;0,4016;#FFC0CB;Sondagens
2024;Portalegre;93106;60668;925;614;AD;14134;0;0,23;0,348398599;10813643;0,4016;#FFA500;Sondagens
2024;Portalegre;93106;60668;925;614;BE;1894;0;0,03;0,348398599;10813643;0,4016;#db0812;Sondagens
2024;Portalegre;93106;60668;925;614;CDU;3718;0;0,06;0,348398599;10813643;0,4016;#006699;Sondagens
2024;Portalegre;93106;60668;925;614;CH;14810;1;0,24;0,348398599;10813643;0,4016;#201f58;Sondagens
2024;Portalegre;93106;60668;925;614;IL;1155;0;0,02;0,348398599;10813643;0,4016;#00aeee;Sondagens
2024;Portalegre;93106;60668;925;614;L;873;0;0,01;0,348398599;10813643;0,4016;#000000;Sondagens
2024;Portalegre;93106;60668;925;614;PAN;506;0;0,01;0,348398599;10813643;0,4016;#518196;Sondagens
2024;Portalegre;93106;60668;925;614;PS;20669;1;0,34;0,348398599;10813643;0,4016;#FFC0CB;Sondagens
2024;Porto;1591760;1114945;14407;10964;AD;339142;14;0,3;0,299552068;10813643;0,4016;#FFA500;Sondagens
2024;Porto;1591760;1114945;14407;10964;BE;51917;2;0,05;0,299552068;10813643;0,4016;#db0812;Sondagens
2024;Porto;1591760;1114945;14407;10964;CDU;26356;1;0,02;0,299552068;10813643;0,4016;#006699;Sondagens
2024;Porto;1591760;1114945;14407;10964;CH;170936;7;0,15;0,299552068;10813643;0,4016;#201f58;Sondagens
2024;Porto;1591760;1114945;14407;10964;IL;64065;2;0,06;0,299552068;10813643;0,4016;#00aeee;Sondagens
2024;Porto;1591760;1114945;14407;10964;L;37321;1;0,03;0,299552068;10813643;0,4016;#000000;Sondagens
2024;Porto;1591760;1114945;14407;10964;PAN;23421;0;0,02;0,299552068;10813643;0,4016;#518196;Sondagens
2024;Porto;1591760;1114945;14407;10964;PS;338110;13;0,3;0,299552068;10813643;0,4016;#FFC0CB;Sondagens
2024;Santarém;377261;251061;3868;2815;AD;68519;3;0,27;0,334516422;10813643;0,4016;#FFA500;Sondagens
2024;Santarém;377261;251061;3868;2815;BE;11207;0;0,04;0,334516422;10813643;0,4016;#db0812;Sondagens
2024;Santarém;377261;251061;3868;2815;CDU;10346;0;0,04;0,334516422;10813643;0,4016;#006699;Sondagens
2024;Santarém;377261;251061;3868;2815;CH;58588;3;0,23;0,334516422;10813643;0,4016;#201f58;Sondagens
2024;Santarém;377261;251061;3868;2815;IL;9497;0;0,04;0,334516422;10813643;0,4016;#00aeee;Sondagens
2024;Santarém;377261;251061;3868;2815;L;6190;0;0,02;0,334516422;10813643;0,4016;#000000;Sondagens
2024;Santarém;377261;251061;3868;2815;PAN;3930;0;0,02;0,334516422;10813643;0,4016;#518196;Sondagens
2024;Santarém;377261;251061;3868;2815;PS;69948;3;0,28;0,334516422;10813643;0,4016;#FFC0CB;Sondagens
2024;Setúbal;749090;502601;6253;4945;AD;86320;4;0,17;0,329051249;10813643;0,4016;#FFA500;Sondagens
2024;Setúbal;749090;502601;6253;4945;BE;30165;1;0,06;0,329051249;10813643;0,4016;#db0812;Sondagens
2024;Setúbal;749090;502601;6253;4945;CDU;38848;1;0,08;0,329051249;10813643;0,4016;#006699;Sondagens
2024;Setúbal;749090;502601;6253;4945;CH;102120;4;0,2;0,329051249;10813643;0,4016;#201f58;Sondagens
2024;Setúbal;749090;502601;6253;4945;IL;26952;1;0,05;0,329051249;10813643;0,4016;#00aeee;Sondagens
2024;Setúbal;749090;502601;6253;4945;L;21553;1;0,04;0,329051249;10813643;0,4016;#000000;Sondagens
2024;Setúbal;749090;502601;6253;4945;PAN;12865;0;0,03;0,329051249;10813643;0,4016;#518196;Sondagens
2024;Setúbal;749090;502601;6253;4945;PS;157200;7;0,31;0,329051249;10813643;0,4016;#FFC0CB;Sondagens
2024;Viana do Castelo;233491;142917;2682;1534;AD;49616;2;0,35;0,387912168;10813643;0,4016;#FFA500;Sondagens
2024;Viana do Castelo;233491;142917;2682;1534;BE;4926;0;0,03;0,387912168;10813643;0,4016;#db0812;Sondagens
2024;Viana do Castelo;233491;142917;2682;1534;CDU;3106;0;0,02;0,387912168;10813643;0,4016;#006699;Sondagens
2024;Viana do Castelo;233491;142917;2682;1534;CH;26639;1;0,19;0,387912168;10813643;0,4016;#201f58;Sondagens
2024;Viana do Castelo;233491;142917;2682;1534;IL;5106;0;0,04;0,387912168;10813643;0,4016;#00aeee;Sondagens
2024;Viana do Castelo;233491;142917;2682;1534;L;2815;0;0,02;0,387912168;10813643;0,4016;#000000;Sondagens
2024;Viana do Castelo;233491;142917;2682;1534;PAN;2057;0;0,01;0,387912168;10813643;0,4016;#518196;Sondagens
2024;Viana do Castelo;233491;142917;2682;1534;PS;40237;2;0,28;0,387912168;10813643;0,4016;#FFC0CB;Sondagens
2024;Vila Real;207989;117058;1494;1527;AD;46046;2;0,39;0,43719139;10813643;0,4016;#FFA500;Sondagens
2024;Vila Real;207989;117058;1494;1527;BE;2865;0;0,02;0,43719139;10813643;0,4016;#db0812;Sondagens
2024;Vila Real;207989;117058;1494;1527;CDU;1600;0;0,01;0,43719139;10813643;0,4016;#006699;Sondagens
2024;Vila Real;207989;117058;1494;1527;CH;20038;1;0,17;0,43719139;10813643;0,4016;#201f58;Sondagens
2024;Vila Real;207989;117058;1494;1527;IL;2380;0;0,02;0,43719139;10813643;0,4016;#00aeee;Sondagens
2024;Vila Real;207989;117058;1494;1527;L;1592;0;0,01;0,43719139;10813643;0,4016;#000000;Sondagens
2024;Vila Real;207989;117058;1494;1527;PAN;1062;0;0,01;0,43719139;10813643;0,4016;#518196;Sondagens
2024;Vila Real;207989;117058;1494;1527;PS;34660;2;0,3;0,43719139;10813643;0,4016;#FFC0CB;Sondagens
2024;Viseu;335659;211590;3302;2595;AD;76938;3;0,36;0,369628105;10813643;0,4016;#FFA500;Sondagens
2024;Viseu;335659;211590;3302;2595;BE;5846;0;0,03;0,369628105;10813643;0,4016;#db0812;Sondagens
2024;Viseu;335659;211590;3302;2595;CDU;2905;0;0,01;0,369628105;10813643;0,4016;#006699;Sondagens
2024;Viseu;335659;211590;3302;2595;CH;41165;2;0,19;0,369628105;10813643;0,4016;#201f58;Sondagens
2024;Viseu;335659;211590;3302;2595;IL;5950;0;0,03;0,369628105;10813643;0,4016;#00aeee;Sondagens
2024;Viseu;335659;211590;3302;2595;L;3567;0;0,02;0,369628105;10813643;0,4016;#000000;Sondagens
2024;Viseu;335659;211590;3302;2595;PAN;2555;0;0,01;0,369628105;10813643;0,4016;#518196;Sondagens
2024;Viseu;335659;211590;3302;2595;PS;58088;3;0,27;0,369628105;10813643;0,4016;#FFC0CB;Sondagens
2024;Açores;230082;106277;2621;1056;AD;42352;2;0,4;0,538090768;10813643;0,4016;#FFA500;Sondagens
2024;Açores;230082;106277;2621;1056;BE;3622;0;0,03;0,538090768;10813643;0,4016;#db0812;Sondagens
2024;Açores;230082;106277;2621;1056;CDU;1161;0;0,01;0,538090768;10813643;0,4016;#006699;Sondagens
2024;Açores;230082;106277;2621;1056;CH;16749;1;0,16;0,538090768;10813643;0,4016;#201f58;Sondagens
2024;Açores;230082;106277;2621;1056;IL;2882;0;0,03;0,538090768;10813643;0,4016;#00aeee;Sondagens
2024;Açores;230082;106277;2621;1056;L;1817;0;0,02;0,538090768;10813643;0,4016;#000000;Sondagens
2024;Açores;230082;106277;2621;1056;PAN;1659;0;0,02;0,538090768;10813643;0,4016;#518196;Sondagens
2024;Açores;230082;106277;2621;1056;PS;31016;2;0,29;0,538090768;10813643;0,4016;#FFC0CB;Sondagens
2024;Madeira;254502;149808;794;2703;AD;53440;3;0,36;0,411368084;10813643;0,4016;#FFA500;Sondagens
2024;Madeira;254502;149808;794;2703;BE;4404;0;0,03;0,411368084;10813643;0,4016;#db0812;Sondagens
2024;Madeira;254502;149808;794;2703;CDU;2429;0;0,02;0,411368084;10813643;0,4016;#006699;Sondagens
2024;Madeira;254502;149808;794;2703;CH;26304;1;0,18;0,411368084;10813643;0,4016;#201f58;Sondagens
2024;Madeira;254502;149808;794;2703;IL;5827;0;0,04;0,411368084;10813643;0,4016;#00aeee;Sondagens
2024;Madeira;254502;149808;794;2703;L;1864;0;0,01;0,411368084;10813643;0,4016;#000000;Sondagens
2024;Madeira;254502;149808;794;2703;PAN;3127;0;0,02;0,411368084;10813643;0,4016;#518196;Sondagens
2024;Madeira;254502;149808;794;2703;PS;29725;2;0,2;0,411368084;10813643;0,4016;#FFC0CB;Sondagens
2024;Europa;937311;238605;1381;94261;AD;33351;0;0,14;0,74543668;10813643;0,4016;#FFA500;Sondagens
2024;Europa;937311;238605;1381;94261;BE;6438;0;0,03;0,74543668;10813643;0,4016;#db0812;Sondagens
2024;Europa;937311;238605;1381;94261;CDU;2363;0;0,01;0,74543668;10813643;0,4016;#006699;Sondagens
2024;Europa;937311;238605;1381;94261;CH;42975;1;0,18;0,74543668;10813643;0,4016;#201f58;Sondagens
2024;Europa;937311;238605;1381;94261;IL;5719;0;0,02;0,74543668;10813643;0,4016;#00aeee;Sondagens
2024;Europa;937311;238605;1381;94261;L;4091;0;0,02;0,74543668;10813643;0,4016;#000000;Sondagens
2024;Europa;937311;238605;1381;94261;PAN;5175;0;0,02;0,74543668;10813643;0,4016;#518196;Sondagens
2024;Europa;937311;238605;1381;94261;PS;38063;1;0,16;0,74543668;10813643;0,4016;#FFC0CB;Sondagens
2024;Fora da Europa;609436;98360;487;31980;AD;22470;1;0,23;0,838604874;10813643;0,4016;#FFA500;Sondagens
2024;Fora da Europa;609436;98360;487;31980;BE;1844;0;0,02;0,838604874;10813643;0,4016;#db0812;Sondagens
2024;Fora da Europa;609436;98360;487;31980;CDU;742;0;0,01;0,838604874;10813643;0,4016;#006699;Sondagens
2024;Fora da Europa;609436;98360;487;31980;CH;17862;1;0,18;0,838604874;10813643;0,4016;#201f58;Sondagens
2024;Fora da Europa;609436;98360;487;31980;IL;1901;0;0,02;0,838604874;10813643;0,4016;#00aeee;Sondagens
2024;Fora da Europa;609436;98360;487;31980;L;697;0;0,01;0,838604874;10813643;0,4016;#000000;Sondagens
2024;Fora da Europa;609436;98360;487;31980;PAN;2328;0;0,02;0,838604874;10813643;0,4016;#518196;Sondagens
2024;Fora da Europa;609436;98360;487;31980;PS;14343;0;0,15;0,838604874;10813643;0,4016;#FFC0CB;Sondagens
2024; Totais;10813643;6476952;89847;192396;AD;1867442;80;0,29;0,401038854;10813643;0,4016;#FFA500;Sondagens
2024; Totais;10813643;6476952;89847;192396;BE;282314;5;0,04;0,401038854;10813643;0,4016;#db0812;Sondagens
2024; Totais;10813643;6476952;89847;192396;CDU;205551;4;0,03;0,401038854;10813643;0,4016;#006699;Sondagens
2024; Totais;10813643;6476952;89847;192396;CH;1169781;50;0,18;0,401038854;10813643;0,4016;#201f58;Sondagens
2024; Totais;10813643;6476952;89847;192396;IL;319877;8;0,05;0,401038854;10813643;0,4016;#00aeee;Sondagens
2024; Totais;10813643;6476952;89847;192396;L;204875;4;0,03;0,401038854;10813643;0,4016;#000000;Sondagens
2024; Totais;10813643;6476952;89847;192396;PAN;126125;1;0,02;0,401038854;10813643;0,4016;#518196;Sondagens
2024; Totais;10813643;6476952;89847;192396;PS;1812443;78;0,28;0,401038854;10813643;0,4016;#FFC0CB;Sondagens
